tool,dataset,run,warmup,mode,jobs,contention_warning,status,exit_code,timed_out,wall_seconds,peak_rss_bytes,peak_rss_source,user_seconds,system_seconds,output_bytes,parse_ms,view_graph_ms,initial_layout_ms,refinement_ms,export_ms,total_ms
graphite-bandage,synthetic_chain_10000,0,True,publication,1,False,ok,0,False,0.10221255400392693,28770304,gnu_time,0.04,0.01,4274755,12.181567000000001,2.523464,12.150642,5.2000000000000004e-05,26.737196,53.620656000000004
graphite-rust,synthetic_chain_10000,0,True,publication,1,False,ok,0,False,0.10279352799989283,28340224,gnu_time,0.04,0.01,4274755,14.062425999999999,3.068697,12.537566,5.3e-05,26.990494,56.687163
graphite-gpu,synthetic_chain_10000,0,True,publication,1,False,ok,0,False,0.6123101519915508,169234432,gnu_time,0.11,0.46,4274755,10.957963,2.872395,498.045883,5.5e-05,28.961468,540.880331
graphite-bandage,synthetic_chain_10000,0,False,publication,1,False,ok,0,False,0.10306005699385423,29016064,gnu_time,0.04,0.01,4274755,11.651272,2.89229,14.126623,6.8e-05,28.656081999999998,57.364283
graphite-rust,synthetic_chain_10000,0,False,publication,1,False,ok,0,False,0.10321099800057709,28585984,gnu_time,0.04,0.01,4274755,11.685298,2.925338,14.075028999999999,5.3e-05,28.435197,57.157024
graphite-gpu,synthetic_chain_10000,0,False,publication,1,False,ok,0,False,0.5100403989927145,169308160,gnu_time,0.11,0.35,4274755,11.85464,2.890258,405.594362,5.9e-05,28.706413,449.09126100000003
graphite-bandage,synthetic_chain_10000,1,False,publication,1,False,ok,0,False,0.10326209699269384,29011968,gnu_time,0.04,0.02,4274755,12.795503,2.7848859999999998,13.288509000000001,5.3e-05,28.521366,57.422156
graphite-rust,synthetic_chain_10000,1,False,publication,1,False,ok,0,False,0.10311094700591639,29020160,gnu_time,0.04,0.01,4274755,11.552267,2.514587,12.31735,5.4e-05,26.842603999999998,53.260394000000005
graphite-gpu,synthetic_chain_10000,1,False,publication,1,False,ok,0,False,0.5104906589986058,169299968,gnu_time,0.11,0.36,4274755,10.963758,2.603506,395.499232,6.7e-05,28.639043,437.750517
graphite-bandage,synthetic_chain_10000,2,False,publication,1,False,ok,0,False,0.10355936498672236,28733440,gnu_time,0.04,0.01,4274755,11.145488,3.1041570000000003,13.323406,5.3e-05,28.950384999999997,56.552913000000004
graphite-rust,synthetic_chain_10000,2,False,publication,1,False,ok,0,False,0.10362833499675617,28598272,gnu_time,0.04,0.01,4274755,12.70751,2.848659,13.730505,5.2000000000000004e-05,28.417315,57.734746
graphite-gpu,synthetic_chain_10000,2,False,publication,1,False,ok,0,False,0.5110159870091593,169263104,gnu_time,0.12,0.35,4274755,10.734302,2.909104,396.07624000000004,5.3e-05,29.035563,438.80089300000003
graphite-bandage,synthetic_chain_10000,3,False,publication,1,False,ok,0,False,0.1036329690105049,28557312,gnu_time,0.04,0.01,4274755,10.746540000000001,2.886376,13.42312,5.3e-05,28.138646,55.229211
graphite-rust,synthetic_chain_10000,3,False,publication,1,False,ok,0,False,0.10332424700027332,28643328,gnu_time,0.04,0.01,4274755,11.580337,3.144212,14.359765999999999,5.2000000000000004e-05,28.418526999999997,57.537763999999996
graphite-gpu,synthetic_chain_10000,3,False,publication,1,False,ok,0,False,0.5098721450049197,168583168,gnu_time,0.11,0.33,4274755,12.054298,2.944585,389.874599,6.9e-05,27.001139000000002,431.913026
graphite-bandage,synthetic_chain_10000,4,False,publication,1,False,ok,0,False,0.10311279899906367,28573696,gnu_time,0.04,0.01,4274755,11.513005,3.0661769999999997,13.571118,5.3e-05,28.496921,56.680517
graphite-rust,synthetic_chain_10000,4,False,publication,1,False,ok,0,False,0.10311100500985049,28774400,gnu_time,0.04,0.01,4274755,11.986423,3.110504,13.269440000000001,5.2000000000000004e-05,28.095684,56.50701
graphite-gpu,synthetic_chain_10000,4,False,publication,1,False,ok,0,False,0.5097167940111831,169238528,gnu_time,0.12,0.34,4274755,11.378753,2.897311,392.822271,5.9999999999999995e-05,28.686830999999998,435.830345
graphite-bandage,synthetic_chain_100000,0,True,publication,1,False,ok,0,False,0.6112296679930296,210464768,gnu_time,0.43,0.12,42746033,83.23204,37.653077,150.676751,5.5e-05,268.10974799999997,539.7042309999999
graphite-rust,synthetic_chain_100000,0,True,publication,1,False,ok,0,False,0.6127687990083359,210124800,gnu_time,0.44,0.12,42746033,78.03433,32.785304000000004,150.027839,5.5e-05,280.019809,540.908647
graphite-gpu,synthetic_chain_100000,0,True,publication,1,False,ok,0,False,1.122184522988391,292163584,gnu_time,0.52,0.54,42746033,84.063157,38.975672,618.248106,5.7e-05,272.68046200000003,1014.013188
graphite-bandage,synthetic_chain_100000,0,False,publication,1,False,ok,0,False,0.6135376710008131,210513920,gnu_time,0.43,0.14,42746033,83.666082,38.539014,150.449767,5.4e-05,276.82508700000005,549.5210149999999
graphite-rust,synthetic_chain_100000,0,False,publication,1,False,ok,0,False,0.612948216003133,210096128,gnu_time,0.44,0.13,42746033,84.697665,38.943264,151.873553,5.5e-05,277.817491,553.3753449999999
graphite-gpu,synthetic_chain_100000,0,False,publication,1,False,ok,0,False,1.068309770009364,292032512,gnu_time,0.51,0.52,42746033,84.235879,37.505494,597.281692,4.9000000000000005e-05,277.496782,996.562877
graphite-bandage,synthetic_chain_100000,1,False,publication,1,False,ok,0,False,0.6110230659978697,210083840,gnu_time,0.43,0.11,42746033,73.086127,31.585009999999997,147.20001599999998,5.8e-05,276.560539,528.4717519999999
graphite-rust,synthetic_chain_100000,1,False,publication,1,False,ok,0,False,0.6131342589942506,210460672,gnu_time,0.45,0.11,42746033,86.751779,38.534489,151.37983,5.4e-05,276.04307,552.7430800000001
graphite-gpu,synthetic_chain_100000,1,False,publication,1,False,ok,0,False,1.068481647002045,292282368,gnu_time,0.49,0.52,42746033,75.960695,32.035981,587.643943,5.9e-05,277.967808,973.654183
graphite-bandage,synthetic_chain_100000,2,False,publication,1,False,ok,0,False,0.5613791119976668,210108416,gnu_time,0.4,0.1,42746033,74.460329,30.53374,128.74368,5.2000000000000004e-05,263.007616,496.779759
graphite-rust,synthetic_chain_100000,2,False,publication,1,False,ok,0,False,0.5601577859924873,210063360,gnu_time,0.42,0.09,42746033,77.975579,29.647069000000002,126.426658,5.7e-05,263.249489,497.335279
graphite-gpu,synthetic_chain_100000,2,False,publication,1,False,ok,0,False,1.0199082829931285,291999744,gnu_time,0.49,0.5,42746033,74.46271999999999,31.996836000000002,571.1787780000001,5.3e-05,270.90099200000003,948.58106
graphite-bandage,synthetic_chain_100000,3,False,publication,1,False,ok,0,False,0.5616738700045971,210513920,gnu_time,0.42,0.1,42746033,74.504842,30.310138000000002,131.467205,5.3e-05,267.534795,503.86058099999997
graphite-rust,synthetic_chain_100000,3,False,publication,1,False,ok,0,False,0.6119361489982111,210059264,gnu_time,0.46,0.1,42746033,82.999438,31.994933000000003,132.566938,5.8e-05,298.313147,545.911553
graphite-gpu,synthetic_chain_100000,3,False,publication,1,False,ok,0,False,1.0195222020120127,292261888,gnu_time,0.5,0.5,42746033,71.957824,31.020013,587.0353200000001,6.9e-05,267.520941,957.573057
graphite-bandage,synthetic_chain_100000,4,False,publication,1,False,ok,0,False,0.6638470159959979,210472960,gnu_time,0.5,0.11,42746033,87.77631,39.434025999999996,152.318458,5.3e-05,304.776207,584.346064
graphite-rust,synthetic_chain_100000,4,False,publication,1,False,ok,0,False,0.6135605479939841,210083840,gnu_time,0.44,0.11,42746033,84.357463,38.335697,149.497727,5.5e-05,264.841732,537.067987
graphite-gpu,synthetic_chain_100000,4,False,publication,1,False,ok,0,False,1.0707979270082433,292061184,gnu_time,0.52,0.5,42746033,84.143825,38.332541,582.0565130000001,5.4e-05,272.437657,977.0112640000001
graphite-bandage,synthetic_chain_500000,0,True,publication,1,False,ok,0,False,2.998741092000273,958087168,gnu_time,2.34,0.58,213745987,549.441652,276.94134199999996,710.770446,6.599999999999999e-05,1299.33108,2836.5187560000004
graphite-rust,synthetic_chain_500000,0,True,publication,1,False,ok,0,False,2.743785081009264,958017536,gnu_time,2.18,0.49,213745987,448.179439,201.063815,646.945728,6.7e-05,1294.16383,2590.389273
graphite-gpu,synthetic_chain_500000,0,True,publication,1,False,ok,0,False,3.6679081650072476,1006379008,gnu_time,2.55,1.07,213745987,549.469422,276.480728,1250.7597580000001,5.6e-05,1348.2527870000001,3425.029218
graphite-bandage,synthetic_chain_500000,0,False,publication,1,False,ok,0,False,2.9020113330043387,958038016,gnu_time,2.33,0.52,213745987,533.159502,276.125798,665.78899,6.400000000000001e-05,1293.474415,2768.5826
graphite-rust,synthetic_chain_500000,0,False,publication,1,False,ok,0,False,2.747559605006245,958021632,gnu_time,2.19,0.48,213745987,447.473723,202.350263,648.102429,6.5e-05,1290.1789990000002,2588.1406
graphite-gpu,synthetic_chain_500000,0,False,publication,1,False,ok,0,False,3.4614498970040586,1006571520,gnu_time,2.51,0.9,213745987,506.781367,264.68125799999996,1125.579944,6.9e-05,1331.089983,3228.1931099999997
graphite-bandage,synthetic_chain_500000,1,False,publication,1,False,ok,0,False,2.850821612009895,958091264,gnu_time,2.31,0.5,213745987,478.235282,263.206028,665.678249,6.7e-05,1325.237233,2732.393632
graphite-rust,synthetic_chain_500000,1,False,publication,1,False,ok,0,False,2.7477450290025445,958005248,gnu_time,2.2,0.48,213745987,455.934654,198.987314,636.594509,7.000000000000001e-05,1317.117341,2608.6682570000003
graphite-gpu,synthetic_chain_500000,1,False,publication,1,False,ok,0,False,3.357784255000297,1006780416,gnu_time,2.36,0.91,213745987,450.232908,198.444697,1104.915677,6.400000000000001e-05,1340.1462669999999,3093.804764
graphite-bandage,synthetic_chain_500000,2,False,publication,1,False,ok,0,False,2.7476589500001865,958074880,gnu_time,2.18,0.49,213745987,446.539548,199.770383,637.5948569999999,6.5e-05,1299.272185,2583.212412
graphite-rust,synthetic_chain_500000,2,False,publication,1,False,ok,0,False,2.9528754649945768,958455808,gnu_time,2.34,0.53,213745987,496.091798,274.46811199999996,724.672749,6.5e-05,1295.629207,2790.8965289999996
graphite-gpu,synthetic_chain_500000,2,False,publication,1,False,ok,0,False,3.3567976740014274,1006809088,gnu_time,2.34,0.93,213745987,451.122242,200.716273,1092.043883,6.7e-05,1346.068937,3090.027081
graphite-bandage,synthetic_chain_500000,3,False,publication,1,False,ok,0,False,2.7473570230067708,958078976,gnu_time,2.18,0.5,213745987,451.30323599999997,198.711849,651.581764,6.5e-05,1297.840966,2599.4707630000003
graphite-rust,synthetic_chain_500000,3,False,publication,1,False,ok,0,False,2.902271211001789,958038016,gnu_time,2.3,0.53,213745987,509.90427999999997,266.090567,685.954756,6.8e-05,1295.666228,2757.65198
graphite-gpu,synthetic_chain_500000,3,False,publication,1,False,ok,0,False,3.3066921310091857,1006682112,gnu_time,2.34,0.91,213745987,449.686734,201.93591999999998,1079.60521,5.5e-05,1333.412902,3064.704904
graphite-bandage,synthetic_chain_500000,4,False,publication,1,False,ok,0,False,2.901986038996256,958046208,gnu_time,2.32,0.52,213745987,543.884433,268.945893,652.091394,6.599999999999999e-05,1300.711134,2765.668678
graphite-rust,synthetic_chain_500000,4,False,publication,1,False,ok,0,False,2.7459180320001906,958103552,gnu_time,2.16,0.5,213745987,442.69699,200.401564,639.763422,6.9e-05,1296.259847,2579.154477
graphite-gpu,synthetic_chain_500000,4,False,publication,1,False,ok,0,False,3.5119393000059063,1006657536,gnu_time,2.48,0.98,213745987,537.8401339999999,265.218982,1151.926173,8.6e-05,1326.59856,3281.6445129999997
graphite-bandage,synthetic_chain_1000000,0,True,publication,1,False,ok,0,False,5.903396263995091,1914896384,gnu_time,4.73,1.06,427458673,1158.384979,488.489374,1367.12935,6.599999999999999e-05,2643.310528,5657.350281
graphite-rust,synthetic_chain_1000000,0,True,publication,1,False,ok,0,False,5.7496477410022635,1914900480,gnu_time,4.52,1.08,427458673,1082.011512,487.165901,1359.513655,6.7e-05,2561.7380660000003,5490.465128000001
graphite-gpu,synthetic_chain_1000000,0,True,publication,1,False,ok,0,False,6.462129741004901,1963417600,gnu_time,4.9,1.48,427458673,1163.103687,454.70156099999997,1834.2462349999998,6.8e-05,2564.505691,6016.606382
graphite-bandage,synthetic_chain_1000000,0,False,publication,1,False,ok,0,False,5.801306245994056,1914638336,gnu_time,4.66,1.05,427458673,1159.903589,449.041209,1353.7430800000002,6.8e-05,2577.7431389999997,5540.4596950000005
graphite-rust,synthetic_chain_1000000,0,False,publication,1,False,ok,0,False,5.595920086998376,1914802176,gnu_time,4.48,0.98,427458673,942.235945,434.049576,1386.778902,8.2e-05,2576.578068,5339.677081
graphite-gpu,synthetic_chain_1000000,0,False,publication,1,False,ok,0,False,6.56476670599659,1963470848,gnu_time,4.91,1.52,427458673,1195.2433760000001,459.001379,1845.5035209999999,7.6e-05,2588.281163,6088.075008
graphite-bandage,synthetic_chain_1000000,1,False,publication,1,False,ok,0,False,5.955783768004039,1914826752,gnu_time,4.72,1.07,427458673,1223.3070930000001,549.545256,1355.470238,6.5e-05,2536.779269,5665.149072
graphite-rust,synthetic_chain_1000000,1,False,publication,1,False,ok,0,False,5.750202258990612,1914900480,gnu_time,4.58,1.08,427458673,1146.986224,450.673937,1366.440818,7.1e-05,2499.752266,5463.895496
graphite-gpu,synthetic_chain_1000000,1,False,publication,1,False,ok,0,False,6.466789619997144,1963446272,gnu_time,4.83,1.48,427458673,1189.8367210000001,456.167573,1808.399893,6.599999999999999e-05,2567.411287,6021.853117
graphite-bandage,synthetic_chain_1000000,2,False,publication,1,False,ok,0,False,5.740194319005241,1914822656,gnu_time,4.57,1.04,427458673,1047.007821,525.553054,1352.419864,6.599999999999999e-05,2564.382287,5489.407868
graphite-rust,synthetic_chain_1000000,2,False,publication,1,False,ok,0,False,5.640650278000976,1914413056,gnu_time,4.5,1.0,427458673,951.41563,446.65495799999997,1410.916117,8.4e-05,2567.9827939999996,5377.005515000001
graphite-gpu,synthetic_chain_1000000,2,False,publication,1,False,ok,0,False,6.464335647004191,1962827776,gnu_time,4.84,1.48,427458673,1172.507891,455.509958,1810.814327,7.5e-05,2575.2402939999997,6014.110009999999
graphite-bandage,synthetic_chain_1000000,3,False,publication,1,False,ok,0,False,5.902845971999341,1914875904,gnu_time,4.76,1.04,427458673,1197.18174,455.562051,1391.083754,6.7e-05,2581.182063,5625.054737
graphite-rust,synthetic_chain_1000000,3,False,publication,1,False,ok,0,False,5.850835402001394,1914847232,gnu_time,4.67,1.04,427458673,1161.715696,459.04540399999996,1349.542817,7.1e-05,2610.4597169999997,5580.796771
graphite-gpu,synthetic_chain_1000000,3,False,publication,1,False,ok,0,False,7.486580507000326,1962864640,gnu_time,5.35,2.03,427458673,1214.387021,638.752776,2398.3184610000003,5.9e-05,2592.068507,6843.584226
graphite-bandage,synthetic_chain_1000000,4,False,publication,1,False,ok,0,False,5.694285093995859,1914413056,gnu_time,4.51,1.03,427458673,991.7013430000001,458.02810700000003,1368.5718410000002,6.9e-05,2595.496454,5413.832993
graphite-rust,synthetic_chain_1000000,4,False,publication,1,False,ok,0,False,5.6978198290016735,1914904576,gnu_time,4.6,1.0,427458673,1160.01279,449.63752800000003,1342.416992,6.7e-05,2479.696307,5431.798742
graphite-gpu,synthetic_chain_1000000,4,False,publication,1,False,ok,0,False,6.611497327990946,1962995712,gnu_time,4.97,1.54,427458673,1204.686486,457.331061,1877.687814,6.5e-05,2628.987428,6168.743582
graphite-bandage,synthetic_branched_10000,0,True,publication,1,False,ok,0,False,2.391852510991157,87617536,gnu_time,2.29,0.04,4363050,11.358909,2.549965,2285.456839,6.5e-05,30.001466,2329.42335
graphite-rust,synthetic_branched_10000,0,True,publication,1,False,ok,0,False,0.611226514010923,32407552,gnu_time,2.04,0.2,4355874,12.768664000000001,2.658563,546.496307,5.3e-05,31.502695999999997,593.460412
graphite-gpu,synthetic_branched_10000,0,True,publication,1,False,ok,0,False,0.8150765870086616,186753024,gnu_time,0.88,0.6,4355864,11.344306999999999,3.0565,727.53204,5.3e-05,28.567666,770.55243
graphite-bandage,synthetic_branched_10000,0,False,publication,1,False,ok,0,False,2.034559010004159,86966272,gnu_time,1.95,0.04,4352633,9.128607,2.994484,1957.8646449999999,5.4e-05,27.845129,1997.8587719999998
graphite-rust,synthetic_branched_10000,0,False,publication,1,False,ok,0,False,0.5593030379968695,32808960,gnu_time,1.82,0.16,4355874,12.723165999999999,2.600047,461.482256,7.2e-05,27.963203,504.801721
graphite-gpu,synthetic_branched_10000,0,False,publication,1,False,ok,0,False,0.8657313650037395,187002880,gnu_time,0.88,0.64,4355864,10.458722999999999,2.640727,766.3002740000001,0.000172,27.484545999999998,806.924516
graphite-bandage,synthetic_branched_10000,1,False,publication,1,False,ok,0,False,2.1896711879962822,86818816,gnu_time,2.1,0.04,4365825,11.725384,3.022308,2099.547781,5.9e-05,25.865334,2140.189936
graphite-rust,synthetic_branched_10000,1,False,publication,1,False,ok,0,False,0.4583564060012577,32804864,gnu_time,1.66,0.12,4355874,12.494695,2.5592520000000003,356.790632,7.3e-05,28.631742000000003,400.507139
graphite-gpu,synthetic_branched_10000,1,False,publication,1,False,ok,0,False,0.8139936639927328,186372096,gnu_time,0.75,0.59,4355864,11.236006999999999,2.685636,695.42358,7.4e-05,26.867657,736.252175
graphite-bandage,synthetic_branched_10000,2,False,publication,1,False,ok,0,False,2.290227078003227,86876160,gnu_time,2.2,0.04,4345056,11.164366,2.833936,2204.005516,7.1e-05,25.748682,2243.789306
graphite-rust,synthetic_branched_10000,2,False,publication,1,False,ok,0,False,0.509496497004875,32411648,gnu_time,1.76,0.16,4355874,13.103111,2.537002,436.52753,0.000106,27.832093,480.03011200000003
graphite-gpu,synthetic_branched_10000,2,False,publication,1,False,ok,0,False,0.9163715920003597,186712064,gnu_time,0.99,0.63,4355864,12.177850000000001,2.53626,788.090017,5.2000000000000004e-05,28.429867,831.2790759999999
graphite-bandage,synthetic_branched_10000,3,False,publication,1,False,ok,0,False,2.3898734760005027,86831104,gnu_time,2.29,0.04,4347522,11.077104,2.601359,2282.482963,5.3e-05,27.668367,2323.907882
graphite-rust,synthetic_branched_10000,3,False,publication,1,False,ok,0,False,0.6113180920074228,32489472,gnu_time,2.13,0.19,4355874,7.922380999999999,3.0716300000000003,535.298578,0.000588,30.575105,576.919494
graphite-gpu,synthetic_branched_10000,3,False,publication,1,False,ok,0,False,0.8647703769966029,186380288,gnu_time,0.86,0.66,4355864,13.042772,2.9643260000000002,759.6703030000001,5.9e-05,28.280169,804.001886
graphite-bandage,synthetic_branched_10000,4,False,publication,1,False,ok,0,False,2.138052983995294,87056384,gnu_time,2.08,0.04,4359567,12.045209,2.9969889999999997,2080.282608,5.3e-05,26.084165,2121.45604
graphite-rust,synthetic_branched_10000,4,False,publication,1,False,ok,0,False,0.5602204769966193,32813056,gnu_time,1.93,0.13,4355874,12.436328,2.561246,475.19360700000004,6.5e-05,28.926063,519.149934
graphite-gpu,synthetic_branched_10000,4,False,publication,1,False,ok,0,False,0.916939385002479,186789888,gnu_time,0.94,0.62,4355864,10.705614,2.5855740000000003,787.088801,6.1000000000000005e-05,27.812308,828.238527
graphite-bandage,synthetic_branched_100000,0,True,publication,1,False,ok,0,False,8.145741752989125,615309312,gnu_time,7.78,0.32,43568410,85.353621,38.558517,7691.039495,4.9999999999999996e-05,260.51336299999997,8075.494672999999
graphite-rust,synthetic_branched_100000,0,True,publication,1,False,ok,0,False,1.4259809209906962,231510016,gnu_time,4.35,0.25,43483765,76.021952,32.761464,949.716068,5.2000000000000004e-05,291.341973,1349.879345
graphite-gpu,synthetic_branched_100000,0,True,publication,1,False,ok,0,False,1.5776504390087212,345976832,gnu_time,1.73,0.76,43483705,92.165138,40.173605,1091.740249,7.2e-05,277.196777,1501.313433
graphite-bandage,synthetic_branched_100000,0,False,publication,1,False,ok,0,False,7.732936289001373,615768064,gnu_time,7.4,0.31,43610820,76.58167300000001,31.587957,7307.940393,5.9999999999999995e-05,261.94099900000003,7678.085898
graphite-rust,synthetic_branched_100000,0,False,publication,1,False,ok,0,False,1.3749762070074212,231489536,gnu_time,4.31,0.25,43483765,72.850898,31.079376,930.724817,4.8e-05,289.71954700000003,1324.417094
graphite-gpu,synthetic_branched_100000,0,False,publication,1,False,ok,0,False,1.473727755001164,347582464,gnu_time,1.59,0.65,43483705,79.23041,30.967903,976.971896,6.3e-05,273.32547,1360.532612
graphite-bandage,synthetic_branched_100000,1,False,publication,1,False,ok,0,False,7.740766850998625,616951808,gnu_time,7.39,0.29,43617499,75.101623,30.117774,7281.106272999999,6.1000000000000005e-05,258.665704,7645.069850999999
graphite-rust,synthetic_branched_100000,1,False,publication,1,False,ok,0,False,1.375949816996581,231194624,gnu_time,4.28,0.26,43483765,77.39085800000001,32.54687,930.295418,5.5e-05,287.755643,1328.029341
graphite-gpu,synthetic_branched_100000,1,False,publication,1,False,ok,0,False,1.6330247400037479,346750976,gnu_time,1.79,0.72,43483705,90.066076,41.719978999999995,1105.946488,6.1000000000000005e-05,291.490762,1529.275629
graphite-bandage,synthetic_branched_100000,2,False,publication,1,False,ok,0,False,7.583265602996107,615747584,gnu_time,7.28,0.28,43769778,85.826611,33.930352,7151.287426999999,8.2e-05,253.88021,7524.959346000001
graphite-rust,synthetic_branched_100000,2,False,publication,1,False,ok,0,False,1.4269578079984058,231165952,gnu_time,4.18,0.27,43483765,75.560758,31.784445,939.931896,5.9e-05,287.44841399999996,1334.766552
graphite-gpu,synthetic_branched_100000,2,False,publication,1,False,ok,0,False,1.6321531389985466,346406912,gnu_time,1.77,0.79,43483705,85.201231,39.655785,1130.304099,7.000000000000001e-05,289.91144099999997,1545.12056
graphite-bandage,synthetic_branched_100000,3,False,publication,1,False,ok,0,False,7.943330255991896,615337984,gnu_time,7.57,0.32,43704747,89.447825,40.315308,7484.040054,7.3e-05,251.29647300000002,7865.13285
graphite-rust,synthetic_branched_100000,3,False,publication,1,False,ok,0,False,1.3234926009899937,231600128,gnu_time,4.04,0.19,43483765,78.127253,30.438938,879.074013,5.6e-05,271.02377900000005,1258.693904
graphite-gpu,synthetic_branched_100000,3,False,publication,1,False,ok,0,False,1.5287480929982848,346320896,gnu_time,1.85,0.57,43483705,78.176063,32.23728,1065.583907,4.4999999999999996e-05,274.62027700000004,1450.655608
graphite-bandage,synthetic_branched_100000,4,False,publication,1,False,ok,0,False,7.250584479988902,614531072,gnu_time,6.93,0.29,43450226,74.21743000000001,30.325222999999998,6830.856656,7.5e-05,250.30021000000002,7185.760585
graphite-rust,synthetic_branched_100000,4,False,publication,1,False,ok,0,False,1.3758248329977505,231972864,gnu_time,4.27,0.24,43483765,78.42621399999999,33.273753000000006,934.287929,5.4e-05,288.24201,1334.2738080000001
graphite-gpu,synthetic_branched_100000,4,False,publication,1,False,ok,0,False,1.6268418060062686,346218496,gnu_time,1.76,0.68,43483705,96.763483,40.056641,1136.151762,6.9e-05,288.58981900000003,1561.601938
graphite-bandage,synthetic_branched_500000,0,True,publication,1,False,ok,0,False,41.370472498005256,2868305920,gnu_time,39.87,1.44,217381839,583.9520660000001,285.425313,39042.727209,7.8e-05,1237.84016,41149.993967
graphite-rust,synthetic_branched_500000,0,True,publication,1,False,ok,0,False,6.805865425994853,1007124480,gnu_time,21.12,0.91,216618463,546.148632,278.975084,4432.751061,8.3e-05,1319.4739220000001,6577.383629
graphite-gpu,synthetic_branched_500000,0,True,publication,1,False,ok,0,False,5.544828869999037,1087356928,gnu_time,6.53,1.31,216619704,532.442244,264.910622,3094.93726,6.5e-05,1375.993806,5268.347329
graphite-bandage,synthetic_branched_500000,0,False,publication,1,False,ok,0,False,40.58753457799321,2865975296,gnu_time,39.07,1.46,217985649,556.700754,277.835053,38304.261684,8.6e-05,1231.619043,40370.475272
graphite-rust,synthetic_branched_500000,0,False,publication,1,False,ok,0,False,6.856696686998475,1007087616,gnu_time,21.07,0.91,216618463,540.2641299999999,285.16328200000004,4389.55008,6.599999999999999e-05,1430.3670610000001,6645.37832
graphite-gpu,synthetic_branched_500000,0,False,publication,1,False,ok,0,False,5.853180860998691,1086312448,gnu_time,6.75,1.46,216619704,568.521887,284.82185599999997,3240.16406,8.3e-05,1363.2350500000002,5456.806570000001
graphite-bandage,synthetic_branched_500000,1,False,publication,1,False,ok,0,False,47.506578632004675,2865143808,gnu_time,44.18,3.26,217750538,580.447816,275.609015,44935.888984000005,8.3e-05,1355.23279,47147.240654
graphite-rust,synthetic_branched_500000,1,False,publication,1,False,ok,0,False,6.947339093996561,1006563328,gnu_time,21.4,0.93,216618463,593.255876,282.273048,4453.176879,6.5e-05,1385.954988,6714.698216000001
graphite-gpu,synthetic_branched_500000,1,False,publication,1,False,ok,0,False,5.710137971007498,1086857216,gnu_time,6.78,1.42,216619704,617.937984,286.72080900000003,3138.784294,5.3e-05,1408.9039109999999,5452.396863999999
graphite-bandage,synthetic_branched_500000,2,False,publication,1,False,ok,0,False,39.35939425499237,2869170176,gnu_time,37.89,1.39,217851577,466.240597,208.926141,37222.760393000004,0.000136,1224.902285,39122.881393
graphite-rust,synthetic_branched_500000,2,False,publication,1,False,ok,0,False,7.127275178994751,1006202880,gnu_time,21.6,1.01,216618463,584.605021,283.206645,4588.202128,6.5e-05,1432.4319990000001,6888.47988
graphite-gpu,synthetic_branched_500000,2,False,publication,1,False,ok,0,False,5.497156987999915,1086627840,gnu_time,6.42,1.38,216619704,578.1820349999999,273.509026,2973.941186,8.4e-05,1375.393178,5201.078888
graphite-bandage,synthetic_branched_500000,3,False,publication,1,False,ok,0,False,40.79434416400909,2863157248,gnu_time,39.39,1.35,217710252,574.649965,275.716198,38519.452152,7.7e-05,1216.3620150000002,40586.230913
graphite-rust,synthetic_branched_500000,3,False,publication,1,False,ok,0,False,6.77237423301267,1007116288,gnu_time,21.51,0.92,216618463,468.370317,210.57790200000002,4531.952044,8.8e-05,1335.631662,6546.565430000001
graphite-gpu,synthetic_branched_500000,3,False,publication,1,False,ok,0,False,5.393571804990643,1086672896,gnu_time,6.44,1.33,216619704,471.461639,204.55315,3004.520642,8.6e-05,1416.134482,5096.729602
graphite-bandage,synthetic_branched_500000,4,False,publication,1,False,ok,0,False,41.54456278598809,2867920896,gnu_time,40.11,1.37,217474882,485.164811,212.51245699999998,39390.376591,6.5e-05,1226.679204,41314.785233
graphite-rust,synthetic_branched_500000,4,False,publication,1,False,ok,0,False,6.716848196010687,1007079424,gnu_time,20.88,0.89,216618463,494.669177,272.111454,4360.431372,7.1e-05,1397.320365,6524.566805
graphite-gpu,synthetic_branched_500000,4,False,publication,1,False,ok,0,False,5.810280129997409,1086599168,gnu_time,6.72,1.45,216619704,518.896687,273.580019,3297.048291,7.8e-05,1429.5932970000001,5519.166493000001
graphite-bandage,synthetic_branched_1000000,0,True,publication,1,False,ok,0,False,96.0022883519996,5741494272,gnu_time,89.95,5.96,436078682,970.4838030000001,458.445529,91305.40469499999,5.9999999999999995e-05,2736.901405,95471.319704
graphite-rust,synthetic_branched_1000000,0,True,publication,1,False,ok,0,False,14.006300927998382,1931833344,gnu_time,44.58,1.66,435380601,1216.3094,475.230859,9260.926802,5.9e-05,2737.351181,13689.864921
graphite-gpu,synthetic_branched_1000000,0,True,publication,1,False,ok,0,False,11.052357639011461,1942880256,gnu_time,12.7,2.37,435380280,1220.168303,497.347485,6065.034783,7.2e-05,2760.159567,10542.755353
graphite-bandage,synthetic_branched_1000000,0,False,publication,1,False,ok,0,False,92.61982900400471,5731766272,gnu_time,88.57,3.94,435991787,1219.890643,566.297946,87692.884843,6.9e-05,2603.088823,92082.226908
graphite-rust,synthetic_branched_1000000,0,False,publication,1,False,ok,0,False,13.161086757987505,1931800576,gnu_time,41.34,1.47,435380601,1250.384849,469.837076,8430.310699,7.1e-05,2661.800935,12812.375316000001
graphite-gpu,synthetic_branched_1000000,0,False,publication,1,False,ok,0,False,10.38300677499501,1980448768,gnu_time,12.04,2.21,435380280,1249.881681,472.875295,5478.689894,6.8e-05,2660.732039,9862.22437
graphite-bandage,synthetic_branched_1000000,1,False,publication,1,False,ok,0,False,84.48173962799774,5728346112,gnu_time,81.68,2.7,433891809,1111.44802,469.09601499999997,80021.48103000001,0.00015099999999999998,2490.123634,84092.212084
graphite-rust,synthetic_branched_1000000,1,False,publication,1,False,ok,0,False,13.234637016008492,1931874304,gnu_time,40.94,1.59,435380601,1201.3127670000001,477.96168900000004,8499.587148,7.3e-05,2729.145391,12908.047475
graphite-gpu,synthetic_branched_1000000,1,False,publication,1,False,ok,0,False,10.951076928002294,1980891136,gnu_time,12.85,2.27,435380280,1140.95736,475.640579,6069.141099,0.000106,2763.5267049999998,10449.312404
graphite-bandage,synthetic_branched_1000000,2,False,publication,1,False,ok,0,False,88.3032805799885,5749932032,gnu_time,85.45,2.77,435576784,985.262438,538.334388,83916.777985,6.5e-05,2486.0798179999997,87926.53153800001
graphite-rust,synthetic_branched_1000000,2,False,publication,1,False,ok,0,False,13.742784293994191,1931837440,gnu_time,43.36,1.72,435380601,1199.0355880000002,491.515398,8953.424911999999,7.4e-05,2738.809116,13382.824124
graphite-gpu,synthetic_branched_1000000,2,False,publication,1,False,ok,0,False,10.332763808997697,1980608512,gnu_time,11.9,2.18,435380280,1109.848747,562.539624,5431.26805,8.3e-05,2675.59789,9779.299308000001
graphite-bandage,synthetic_branched_1000000,3,False,publication,1,False,ok,0,False,86.20521697599906,5732818944,gnu_time,83.45,2.68,434972442,1175.07608,467.489692,81764.534302,9.6e-05,2434.84372,85842.008292
graphite-rust,synthetic_branched_1000000,3,False,publication,1,False,ok,0,False,13.365333358000498,1931825152,gnu_time,41.22,1.77,435380601,1197.2480110000001,468.958031,8603.792813,6.7e-05,2739.581626,13009.618119
graphite-gpu,synthetic_branched_1000000,3,False,publication,1,False,ok,0,False,10.26350585000182,1980579840,gnu_time,11.96,2.1,435380280,1079.419142,553.6729809999999,5450.640809,6.599999999999999e-05,2684.79883,9768.572987000001
graphite-bandage,synthetic_branched_1000000,4,False,publication,1,False,ok,0,False,86.50868911799625,5733756928,gnu_time,83.68,2.7,435527620,1097.099757,469.038141,82035.991206,6.5e-05,2488.407001,86090.589376
graphite-rust,synthetic_branched_1000000,4,False,publication,1,False,ok,0,False,13.933683936003945,1931812864,gnu_time,45.1,1.7,435380601,1116.8152010000001,471.503127,9323.027973,9.2e-05,2659.456254,13570.845910999999
graphite-gpu,synthetic_branched_1000000,4,False,publication,1,False,ok,0,False,11.091113005008083,1943064576,gnu_time,12.82,2.3,435380280,1261.551062,617.2444830000001,6012.3541319999995,6.1000000000000005e-05,2732.0993810000004,10623.288584000002
graphite-bandage,synthetic_fragmented_10000,0,True,publication,1,False,ok,0,False,0.10286009300034493,29491200,gnu_time,0.05,0.01,5044686,11.635117000000001,2.5634249999999996,13.08117,5.3e-05,35.002561,62.318540999999996
graphite-rust,synthetic_fragmented_10000,0,True,publication,1,False,ok,0,False,0.10317556299560238,29782016,gnu_time,0.05,0.01,5044686,10.645259000000001,2.601896,13.262627,5.5e-05,35.285569,61.827832
graphite-gpu,synthetic_fragmented_10000,0,True,publication,1,False,ok,0,False,0.6124291119922418,169529344,gnu_time,0.12,0.44,5044686,11.646147000000001,2.978465,483.82863799999996,0.000175,37.557386,536.063496
graphite-bandage,synthetic_fragmented_10000,0,False,publication,1,False,ok,0,False,0.1035239849879872,29696000,gnu_time,0.05,0.02,5044686,11.042474,3.125383,14.753062000000002,5.2000000000000004e-05,42.430188,71.38927100000001
graphite-rust,synthetic_fragmented_10000,0,False,publication,1,False,ok,0,False,0.10363826800312381,29462528,gnu_time,0.06,0.01,5044686,11.704179,3.177302,16.353143,5.2000000000000004e-05,40.608540999999995,71.87919600000001
graphite-gpu,synthetic_fragmented_10000,0,False,publication,1,False,ok,0,False,0.5619672910106601,169562112,gnu_time,0.13,0.35,5044686,12.57535,2.909224,399.11175399999996,5.3e-05,37.406639,452.046647
graphite-bandage,synthetic_fragmented_10000,1,False,publication,1,False,ok,0,False,0.10339519800618291,29728768,gnu_time,0.05,0.01,5044686,12.461427,2.984026,14.945909,5.5e-05,36.868659,67.304484
graphite-rust,synthetic_fragmented_10000,1,False,publication,1,False,ok,0,False,0.10336633000406437,29700096,gnu_time,0.05,0.01,5044686,11.167333999999999,3.1598249999999997,15.611744,5.4e-05,36.645286,66.62124
graphite-gpu,synthetic_fragmented_10000,1,False,publication,1,False,ok,0,False,0.5108300010033417,169455616,gnu_time,0.12,0.36,5044686,12.920624,2.93844,401.754952,4.3e-05,37.443927,455.107344
graphite-bandage,synthetic_fragmented_10000,2,False,publication,1,False,ok,0,False,0.1031001310038846,30105600,gnu_time,0.05,0.02,5044686,11.402591,3.403492,15.098917,5.4e-05,35.59586,65.534317
graphite-rust,synthetic_fragmented_10000,2,False,publication,1,False,ok,0,False,0.10331716400105506,29728768,gnu_time,0.05,0.01,5044686,12.974568000000001,2.7141550000000003,14.117355,5.5e-05,38.746915,68.59021999999999
graphite-gpu,synthetic_fragmented_10000,2,False,publication,1,False,ok,0,False,0.5103383060049964,169467904,gnu_time,0.13,0.33,5044686,10.910602,3.1378999999999997,389.324607,7.7e-05,37.318187,440.726976
graphite-bandage,synthetic_fragmented_10000,3,False,publication,1,False,ok,0,False,0.10326170999906026,29786112,gnu_time,0.05,0.01,5044686,11.138005,2.987342,13.820043,5.3e-05,36.543814,64.515945
graphite-rust,synthetic_fragmented_10000,3,False,publication,1,False,ok,0,False,0.10303292499156669,29761536,gnu_time,0.05,0.01,5044686,11.842321,2.542765,13.00245,5.3e-05,34.773069,62.190214
graphite-gpu,synthetic_fragmented_10000,3,False,publication,1,False,ok,0,False,0.5105895760061685,169508864,gnu_time,0.12,0.33,5044686,11.269400000000001,2.949707,382.026941,5.9e-05,37.176050000000004,433.469295
graphite-bandage,synthetic_fragmented_10000,4,False,publication,1,False,ok,0,False,0.10353165899869055,29704192,gnu_time,0.05,0.02,5044686,12.437828999999999,2.912739,15.661432,5.3e-05,36.636876,67.692922
graphite-rust,synthetic_fragmented_10000,4,False,publication,1,False,ok,0,False,0.10351375500613358,29728768,gnu_time,0.05,0.01,5044686,10.936487999999999,3.2575030000000003,15.130649,5.5e-05,35.332305,64.69491199999999
graphite-gpu,synthetic_fragmented_10000,4,False,publication,1,False,ok,0,False,0.5104593650030438,169578496,gnu_time,0.12,0.35,5044686,10.733482,2.8641650000000003,396.59916899999996,5.9e-05,37.229496,447.469479
graphite-bandage,synthetic_fragmented_100000,0,True,publication,1,False,ok,0,False,0.6641954889928456,210477056,gnu_time,0.51,0.12,42492247,86.431696,40.724025,195.833695,5.7e-05,287.242038,610.335913
graphite-rust,synthetic_fragmented_100000,0,True,publication,1,False,ok,0,False,0.6644741640047869,210632704,gnu_time,0.5,0.12,42492247,85.8815,39.463409999999996,195.288899,5.5e-05,283.052353,603.761334
graphite-gpu,synthetic_fragmented_100000,0,True,publication,1,False,ok,0,False,1.12182468699757,292306944,gnu_time,0.55,0.52,42492247,72.83646,31.608598,640.383115,5.5e-05,281.529337,1026.422818
graphite-bandage,synthetic_fragmented_100000,0,False,publication,1,False,ok,0,False,0.6128088090044912,210681856,gnu_time,0.47,0.12,42492247,72.980497,32.16624,183.514371,5.7e-05,281.060561,569.78454
graphite-rust,synthetic_fragmented_100000,0,False,publication,1,False,ok,0,False,0.6640346240019426,210653184,gnu_time,0.52,0.12,42492247,77.414552,33.517842,198.508851,5.4e-05,298.894932,608.417807
graphite-gpu,synthetic_fragmented_100000,0,False,publication,1,False,ok,0,False,1.1224888150027255,292290560,gnu_time,0.55,0.53,42492247,82.571505,38.778431000000005,653.1019329999999,7.1e-05,266.481858,1041.00121
graphite-bandage,synthetic_fragmented_100000,1,False,publication,1,False,ok,0,False,0.6099508460029028,210604032,gnu_time,0.46,0.1,42492247,70.621109,29.781818,163.014772,5.3e-05,275.641727,539.1450020000001
graphite-rust,synthetic_fragmented_100000,1,False,publication,1,False,ok,0,False,0.6642636119941017,210681856,gnu_time,0.48,0.13,42492247,85.625888,39.652533,191.114175,5.6e-05,286.376981,602.837685
graphite-gpu,synthetic_fragmented_100000,1,False,publication,1,False,ok,0,False,1.069580728013534,292319232,gnu_time,0.51,0.49,42492247,71.598562,29.517608,596.4071359999999,8.1e-05,265.67572900000005,963.266632
graphite-bandage,synthetic_fragmented_100000,2,False,publication,1,False,ok,0,False,0.6643305620091269,210632704,gnu_time,0.49,0.11,42492247,75.024296,33.805359,187.991712,7.1e-05,288.32457500000004,585.234683
graphite-rust,synthetic_fragmented_100000,2,False,publication,1,False,ok,0,False,0.6642057980061509,210960384,gnu_time,0.5,0.12,42492247,84.085884,39.126659000000004,190.27264,5.5e-05,287.725516,601.311166
graphite-gpu,synthetic_fragmented_100000,2,False,publication,1,False,ok,0,False,1.0696711589989718,292114432,gnu_time,0.54,0.49,42492247,83.948652,32.460612,602.6365059999999,7.4e-05,272.22389400000003,991.3402070000001
graphite-bandage,synthetic_fragmented_100000,3,False,publication,1,False,ok,0,False,0.6118283100076951,210644992,gnu_time,0.45,0.1,42492247,73.377683,29.708613,161.732815,6.1000000000000005e-05,275.104042,539.9904479999999
graphite-rust,synthetic_fragmented_100000,3,False,publication,1,False,ok,0,False,0.664007611994748,210522112,gnu_time,0.5,0.09,42492247,73.684129,32.424693999999995,186.906623,5.6e-05,281.679379,574.7855400000001
graphite-gpu,synthetic_fragmented_100000,3,False,publication,1,False,ok,0,False,1.0700782610074384,292306944,gnu_time,0.54,0.47,42492247,81.703642,32.184993,586.813979,5.9999999999999995e-05,264.15753199999995,964.92263
graphite-bandage,synthetic_fragmented_100000,4,False,publication,1,False,ok,0,False,0.5608254660037346,209797120,gnu_time,0.44,0.09,42492247,76.84611600000001,29.886639,160.36297,5.9999999999999995e-05,257.76068200000003,524.930884
graphite-rust,synthetic_fragmented_100000,4,False,publication,1,False,ok,0,False,0.6127162860066164,210649088,gnu_time,0.45,0.11,42492247,71.76491899999999,31.160467,170.239543,5.6e-05,278.296103,551.524862
graphite-gpu,synthetic_fragmented_100000,4,False,publication,1,False,ok,0,False,1.121685581994825,292294656,gnu_time,0.56,0.51,42492247,75.02422899999999,32.833128,649.2627239999999,5.5e-05,271.960604,1029.1564740000001
graphite-bandage,synthetic_fragmented_500000,0,True,publication,1,False,ok,0,False,3.2556771660019876,968720384,gnu_time,2.7,0.47,212490866,442.253274,208.99734899999999,1092.934291,6.9e-05,1304.4285730000001,3048.844286
graphite-rust,synthetic_fragmented_500000,0,True,publication,1,False,ok,0,False,3.461873195003136,968331264,gnu_time,2.84,0.55,212490866,530.602543,271.662524,1166.5532970000002,6.5e-05,1310.121812,3279.149687
graphite-gpu,synthetic_fragmented_500000,0,True,publication,1,False,ok,0,False,4.216544857001281,1017094144,gnu_time,2.98,1.12,212490866,523.49964,290.919873,1683.132847,7.3e-05,1406.409611,3904.51077
graphite-bandage,synthetic_fragmented_500000,0,False,publication,1,False,ok,0,False,3.4558682080096332,968785920,gnu_time,2.85,0.54,212490866,514.805951,287.425447,1159.464198,6.599999999999999e-05,1311.444337,3273.349793
graphite-rust,synthetic_fragmented_500000,0,False,publication,1,False,ok,0,False,3.4099017819971777,968323072,gnu_time,2.81,0.5,212490866,499.580853,214.075287,1126.590037,6.8e-05,1338.275384,3178.739728
graphite-gpu,synthetic_fragmented_500000,0,False,publication,1,False,ok,0,False,4.1164137220039265,1017069568,gnu_time,2.97,1.02,212490866,571.3527280000001,267.842177,1577.50475,8.7e-05,1373.459623,3790.6881270000003
graphite-bandage,synthetic_fragmented_500000,1,False,publication,1,False,ok,0,False,3.557674762007082,968712192,gnu_time,2.9,0.53,212490866,558.415438,245.634465,1191.3406049999999,6.599999999999999e-05,1345.4298009999998,3341.0433620000003
graphite-rust,synthetic_fragmented_500000,1,False,publication,1,False,ok,0,False,3.3580019010114484,968323072,gnu_time,2.74,0.51,212490866,468.257033,244.350378,1106.768538,6.8e-05,1329.640022,3149.240683
graphite-gpu,synthetic_fragmented_500000,1,False,publication,1,False,ok,0,False,3.9685322339937557,1017077760,gnu_time,2.89,0.96,212490866,498.90655699999996,240.620033,1538.4892009999999,6.599999999999999e-05,1377.142187,3655.708861
graphite-bandage,synthetic_fragmented_500000,2,False,publication,1,False,ok,0,False,3.455546522003715,968310784,gnu_time,2.86,0.52,212490866,574.126798,266.871483,1125.227838,6.599999999999999e-05,1299.328915,3265.768948
graphite-rust,synthetic_fragmented_500000,2,False,publication,1,False,ok,0,False,3.256246115997783,968364032,gnu_time,2.7,0.5,212490866,448.350669,204.17816,1107.931801,0.00014000000000000001,1317.778466,3078.4632659999997
graphite-gpu,synthetic_fragmented_500000,2,False,publication,1,False,ok,0,False,3.8662282250006683,1017098240,gnu_time,2.82,0.95,212490866,440.403996,202.541588,1560.677834,6.5e-05,1361.4481469999998,3565.6090059999997
graphite-bandage,synthetic_fragmented_500000,3,False,publication,1,False,ok,0,False,3.461469809000846,968327168,gnu_time,2.78,0.59,212490866,512.8630629999999,267.933086,1158.020014,8.900000000000001e-05,1305.215139,3244.239028
graphite-rust,synthetic_fragmented_500000,3,False,publication,1,False,ok,0,False,3.4551759970054263,968368128,gnu_time,2.85,0.52,212490866,467.931353,266.377083,1210.152141,6.8e-05,1339.493883,3284.161026
graphite-gpu,synthetic_fragmented_500000,3,False,publication,1,False,ok,0,False,3.9693071210058406,1017077760,gnu_time,2.93,0.97,212490866,524.650632,275.215583,1549.4902200000001,6.599999999999999e-05,1315.511892,3665.379803
graphite-bandage,synthetic_fragmented_500000,4,False,publication,1,False,ok,0,False,3.5117536909965565,968171520,gnu_time,2.89,0.54,212490866,594.413141,237.616828,1139.6682250000001,6.8e-05,1312.1886590000001,3284.11662
graphite-rust,synthetic_fragmented_500000,4,False,publication,1,False,ok,0,False,3.404456452000886,968753152,gnu_time,2.84,0.49,212490866,509.92923700000006,258.729899,1134.345141,6.599999999999999e-05,1305.3323429999998,3208.571591
graphite-gpu,synthetic_fragmented_500000,4,False,publication,1,False,ok,0,False,3.911874772995361,1017122816,gnu_time,2.9,0.97,212490866,488.849704,227.84390299999998,1565.904269,7.3e-05,1357.972386,3641.222893
graphite-bandage,synthetic_fragmented_1000000,0,True,publication,1,False,ok,0,False,7.378308241997729,1939890176,gnu_time,6.16,1.1,424977840,1140.61048,592.094792,2643.707417,6.8e-05,2584.337959,6961.206745
graphite-rust,synthetic_fragmented_1000000,0,True,publication,1,False,ok,0,False,7.172225626010913,1939873792,gnu_time,6.01,1.05,424977840,1027.8558,450.868495,2698.10757,6.5e-05,2609.183004,6786.531844
graphite-gpu,synthetic_fragmented_1000000,0,True,publication,1,False,ok,0,False,7.7819885710050585,1988100096,gnu_time,6.09,1.6,424977840,929.192032,451.366806,3186.2766850000003,7.900000000000001e-05,2659.449704,7227.369529
graphite-bandage,synthetic_fragmented_1000000,0,False,publication,1,False,ok,0,False,7.4795323250000365,1939513344,gnu_time,6.11,1.14,424977840,1157.93373,463.90470799999997,2667.747585,6.7e-05,2696.913638,6987.075364
graphite-rust,synthetic_fragmented_1000000,0,False,publication,1,False,ok,0,False,8.131185305988765,1939341312,gnu_time,6.5,1.51,424977840,1240.125716,592.661252,2912.807216,6.599999999999999e-05,2773.105972,7521.684442
graphite-gpu,synthetic_fragmented_1000000,0,False,publication,1,False,ok,0,False,8.143886617996031,1988161536,gnu_time,6.25,1.66,424977840,1101.0407790000002,457.49787200000003,3351.287428,6.5e-05,2702.102897,7612.973703
graphite-bandage,synthetic_fragmented_1000000,1,False,publication,1,False,ok,0,False,7.060735487000784,1939271680,gnu_time,5.92,1.06,424977840,919.1629,447.756926,2696.165803,6.599999999999999e-05,2589.226461,6652.8093579999995
graphite-rust,synthetic_fragmented_1000000,1,False,publication,1,False,ok,0,False,7.1713810810033465,1939456000,gnu_time,5.95,1.07,424977840,923.368938,448.944483,2709.703467,0.00015099999999999998,2655.9121499999997,6738.427876000001
graphite-gpu,synthetic_fragmented_1000000,1,False,publication,1,False,ok,0,False,7.933937481997418,1988218880,gnu_time,6.23,1.62,424977840,1164.204772,457.60641699999996,3157.871358,8.499999999999999e-05,2615.5760849999997,7396.508921
graphite-bandage,synthetic_fragmented_1000000,2,False,publication,1,False,ok,0,False,7.068595798002207,1939513344,gnu_time,5.88,1.06,424977840,942.1611009999999,448.972708,2677.980567,6.5e-05,2599.087157,6668.7115459999995
graphite-rust,synthetic_fragmented_1000000,2,False,publication,1,False,ok,0,False,7.518580910997116,1939451904,gnu_time,6.29,1.14,424977840,1156.74171,539.410524,2749.9149369999996,6.599999999999999e-05,2672.8057949999998,7119.3393719999995
graphite-gpu,synthetic_fragmented_1000000,2,False,publication,1,False,ok,0,False,8.229956352006411,1987706880,gnu_time,6.31,1.65,424977840,1140.726349,489.111667,3316.6499,8.4e-05,2726.429455,7673.94015
graphite-bandage,synthetic_fragmented_1000000,3,False,publication,1,False,ok,0,False,7.42828931400436,1939865600,gnu_time,6.15,1.16,424977840,1157.338463,585.4016760000001,2675.803409,8.499999999999999e-05,2567.382952,6986.41872
graphite-rust,synthetic_fragmented_1000000,3,False,publication,1,False,ok,0,False,7.162507930988795,1939869696,gnu_time,5.99,1.0,424977840,937.069437,439.491328,2689.854433,6.599999999999999e-05,2677.697062,6744.595751000001
graphite-gpu,synthetic_fragmented_1000000,3,False,publication,1,False,ok,0,False,8.191476691004937,1988165632,gnu_time,6.39,1.68,424977840,1163.182226,575.879505,3194.321853,6.400000000000001e-05,2656.385185,7590.861653
graphite-bandage,synthetic_fragmented_1000000,4,False,publication,1,False,ok,0,False,7.477836694000871,1939787776,gnu_time,6.15,1.18,424977840,1150.963424,463.345993,2695.8333780000003,6.7e-05,2661.512459,6972.325374
graphite-rust,synthetic_fragmented_1000000,4,False,publication,1,False,ok,0,False,7.162590384003124,1939869696,gnu_time,5.98,1.08,424977840,1010.6585400000001,499.611234,2673.314394,6.8e-05,2571.8176129999997,6755.865436
graphite-gpu,synthetic_fragmented_1000000,4,False,publication,1,False,ok,0,False,8.13039252901217,1987960832,gnu_time,6.39,1.59,424977840,1216.539317,608.830507,3180.469236,8e-05,2651.4971840000003,7658.417784
graphite-bandage,synthetic_tags_10000,0,True,publication,1,False,ok,0,False,2.133924327994464,92082176,gnu_time,2.04,0.04,4354109,16.890759000000003,2.655598,2038.63474,5.5e-05,26.051322,2084.270355
graphite-rust,synthetic_tags_10000,0,True,publication,1,False,ok,0,False,0.45537316499394365,37535744,gnu_time,1.72,0.14,4355874,16.632593,2.4758269999999998,375.34393700000004,8.3e-05,30.387824000000002,424.86941499999995
graphite-gpu,synthetic_tags_10000,0,True,publication,1,False,ok,0,False,0.9160852350032656,191352832,gnu_time,0.99,0.66,4355864,16.243696,2.59415,807.6041809999999,5.9e-05,28.428042,854.916867
graphite-bandage,synthetic_tags_10000,0,False,publication,1,False,ok,0,False,2.1896348089940147,91340800,gnu_time,2.08,0.05,4346167,17.821004000000002,3.0827340000000003,2078.55328,5.9e-05,25.636537,2125.13648
graphite-rust,synthetic_tags_10000,0,False,publication,1,False,ok,0,False,0.5061342400003923,37097472,gnu_time,1.71,0.1,4355874,17.364961,2.5987150000000003,390.656843,9.099999999999999e-05,31.344136000000002,441.99587499999996
graphite-gpu,synthetic_tags_10000,0,False,publication,1,False,ok,0,False,1.0700086249999003,191791104,gnu_time,0.94,0.63,4355864,18.183883,2.858452,927.896787,5.5e-05,28.192437,977.174236
graphite-bandage,synthetic_tags_10000,1,False,publication,1,False,ok,0,False,2.3442997870006366,92065792,gnu_time,2.28,0.04,4355434,19.616414,3.00794,2265.5710999999997,6.9e-05,26.2273,2314.459046
graphite-rust,synthetic_tags_10000,1,False,publication,1,False,ok,0,False,0.4584449760004645,37543936,gnu_time,1.77,0.18,4355874,16.777075999999997,2.7205570000000003,394.021866,5.4e-05,27.759865,441.308231
graphite-gpu,synthetic_tags_10000,1,False,publication,1,False,ok,0,False,0.9673344080074457,191389696,gnu_time,1.1,0.62,4355864,16.51311,2.516933,834.163453,5.9999999999999995e-05,28.571894,881.8108129999999
graphite-bandage,synthetic_tags_10000,2,False,publication,1,False,ok,0,False,2.291435780993197,91721728,gnu_time,2.19,0.04,4350988,17.80898,3.034162,2183.207742,5.3e-05,25.598191999999997,2229.682866
graphite-rust,synthetic_tags_10000,2,False,publication,1,False,ok,0,False,0.6113485580135603,37523456,gnu_time,1.92,0.21,4355874,17.509118,2.53302,514.783636,5.6e-05,27.979929000000002,562.8388170000001
graphite-gpu,synthetic_tags_10000,2,False,publication,1,False,ok,0,False,0.8647761960019125,191401984,gnu_time,0.92,0.61,4355864,16.116301,2.5085379999999997,750.482,5.2000000000000004e-05,26.650862,795.795392
graphite-bandage,synthetic_tags_10000,3,False,publication,1,False,ok,0,False,2.186650385003304,91701248,gnu_time,2.07,0.05,4366355,17.894611,2.797014,2076.73581,5.6e-05,27.481614,2124.948618
graphite-rust,synthetic_tags_10000,3,False,publication,1,False,ok,0,False,0.6614336579950759,36700160,gnu_time,2.09,0.2,4355874,16.846895,2.929252,557.13705,0.000103,29.737627999999997,606.683444
graphite-gpu,synthetic_tags_10000,3,False,publication,1,False,ok,0,False,0.9180770739912987,191504384,gnu_time,1.03,0.64,4355864,18.355895,2.875757,816.2299240000001,5.3e-05,28.127616,865.629367
graphite-bandage,synthetic_tags_10000,4,False,publication,1,False,ok,0,False,2.339711863998673,91664384,gnu_time,2.24,0.05,4343932,16.853253,2.923247,2244.7489570000002,4.4e-05,26.310187,2290.872401
graphite-rust,synthetic_tags_10000,4,False,publication,1,False,ok,0,False,0.611479134997353,37142528,gnu_time,1.91,0.17,4355874,16.851623,2.507893,503.16108199999996,0.000115,30.512781999999998,553.0737359999999
graphite-gpu,synthetic_tags_10000,4,False,publication,1,False,ok,0,False,0.8675747779925587,191565824,gnu_time,0.92,0.61,4355864,17.743516,3.1532410000000004,752.7219160000001,6.9e-05,28.699946,802.367594
graphite-bandage,synthetic_jumps_10000,0,True,publication,1,False,ok,0,False,2.3432354249962373,87183360,gnu_time,2.25,0.05,4356027,11.179722,3.009019,2255.165888,6.5e-05,25.891766999999998,2295.2784899999997
graphite-rust,synthetic_jumps_10000,0,True,publication,1,False,ok,0,False,0.45908939000219107,32714752,gnu_time,1.73,0.16,4357190,11.164010000000001,2.6188269999999996,388.20281,7.5e-05,28.854525,430.873844
graphite-gpu,synthetic_jumps_10000,0,True,publication,1,False,ok,0,False,0.9671216340066167,186699776,gnu_time,1.03,0.68,4357188,12.658752,2.596168,851.513204,5.8e-05,28.806282,895.619319
graphite-bandage,synthetic_jumps_10000,0,False,publication,1,False,ok,0,False,2.5990541979990667,87601152,gnu_time,2.49,0.04,4359204,10.873433,2.9725300000000003,2493.749587,5.5e-05,26.24383,2533.878621
graphite-rust,synthetic_jumps_10000,0,False,publication,1,False,ok,0,False,0.6114472159970319,32329728,gnu_time,2.02,0.18,4357190,11.520188000000001,2.774391,522.232627,8.1e-05,29.098536000000003,565.6542049999999
graphite-gpu,synthetic_jumps_10000,0,False,publication,1,False,ok,0,False,0.9160176269942895,186806272,gnu_time,1.04,0.66,4357188,10.623298,2.69247,809.525742,5.4e-05,28.264808,851.16373
graphite-bandage,synthetic_jumps_10000,1,False,publication,1,False,ok,0,False,2.185253713003476,87183360,gnu_time,2.11,0.04,4360896,10.870051,2.596811,2108.981906,6.400000000000001e-05,25.844872000000002,2148.329976
graphite-rust,synthetic_jumps_10000,1,False,publication,1,False,ok,0,False,0.5091918279940728,32337920,gnu_time,1.81,0.19,4357190,11.542231,2.567097,449.93330100000003,5.3e-05,27.418036,491.49435800000003
graphite-gpu,synthetic_jumps_10000,1,False,publication,1,False,ok,0,False,1.0174763289978728,186970112,gnu_time,0.96,0.62,4357188,10.873393,2.6851890000000003,798.338624,5.8e-05,28.114544000000002,840.06254
graphite-bandage,synthetic_jumps_10000,2,False,publication,1,False,ok,0,False,2.3939336460025515,87220224,gnu_time,2.33,0.04,4354314,11.072469,3.23924,2323.249593,5.2000000000000004e-05,26.143047,2363.737562
graphite-rust,synthetic_jumps_10000,2,False,publication,1,False,ok,0,False,0.5091073929943377,32702464,gnu_time,1.75,0.2,4357190,11.613015,2.832337,415.45579,5.9999999999999995e-05,28.598263,458.538142
graphite-gpu,synthetic_jumps_10000,2,False,publication,1,False,ok,0,False,0.9167881809989922,186130432,gnu_time,0.91,0.68,4357188,12.924942,2.586161,790.108523,5.3e-05,26.770796999999998,832.4266289999999
graphite-bandage,synthetic_jumps_10000,3,False,publication,1,False,ok,0,False,2.441205662005814,87191552,gnu_time,2.35,0.04,4365041,11.426024,2.564404,2339.362077,5.6e-05,27.290521000000002,2380.683854
graphite-rust,synthetic_jumps_10000,3,False,publication,1,False,ok,0,False,0.5100345079990802,32694272,gnu_time,2.05,0.15,4357190,12.176598,3.196179,429.397001,8.4e-05,28.137183,472.936848
graphite-gpu,synthetic_jumps_10000,3,False,publication,1,False,ok,0,False,0.9177591379993828,186679296,gnu_time,0.9,0.69,4357188,9.831836000000001,2.6584730000000003,807.307409,5.3e-05,27.756237,847.592075
graphite-bandage,synthetic_jumps_10000,4,False,publication,1,False,ok,0,False,2.343637284997385,87003136,gnu_time,2.26,0.04,4374420,12.590443,2.959073,2261.867495,7.1e-05,26.950553,2304.400218
graphite-rust,synthetic_jumps_10000,4,False,publication,1,False,ok,0,False,0.4585947059968021,32653312,gnu_time,1.79,0.16,4357190,12.525005,2.5678620000000003,398.03038899999996,8.8e-05,31.619162,444.779175
graphite-gpu,synthetic_jumps_10000,4,False,publication,1,False,ok,0,False,0.9667472129949601,186675200,gnu_time,0.95,0.76,4357188,12.903544,2.57105,860.3722110000001,5.3e-05,26.487931999999997,902.3726359999999
graphite-bandage,synthetic_paths_10000,0,True,publication,1,False,ok,0,False,2.344600406009704,87343104,gnu_time,2.24,0.05,4351119,11.569186,2.82656,2247.501975,5.4e-05,27.270099,2289.211076
graphite-rust,synthetic_paths_10000,0,True,publication,1,False,ok,0,False,0.6113306299957912,32985088,gnu_time,2.04,0.21,4355874,12.888608,2.98595,521.851409,5.2000000000000004e-05,27.793449000000003,565.550118
graphite-gpu,synthetic_paths_10000,0,True,publication,1,False,ok,0,False,0.9158948230033275,187068416,gnu_time,0.97,0.71,4355864,11.82284,2.587549,824.689052,5.4e-05,26.604685999999997,865.743657
graphite-bandage,synthetic_paths_10000,0,False,publication,1,False,ok,0,False,2.189810910000233,87732224,gnu_time,2.1,0.04,4346063,13.055684,2.701842,2102.46874,7.7e-05,26.336068,2144.59937
graphite-rust,synthetic_paths_10000,0,False,publication,1,False,ok,0,False,0.6114629799994873,32907264,gnu_time,2.0,0.22,4355874,13.329836,2.59409,539.2126390000001,7.000000000000001e-05,31.168374,586.3425679999999
graphite-gpu,synthetic_paths_10000,0,False,publication,1,False,ok,0,False,1.019416345996433,186630144,gnu_time,0.93,0.64,4355864,14.797856,3.428817,878.464783,5.9999999999999995e-05,28.752243,925.491988
graphite-bandage,synthetic_paths_10000,1,False,publication,1,False,ok,0,False,2.24102293800388,87732224,gnu_time,2.14,0.05,4358768,13.753191,2.922465,2146.7641670000003,5.4e-05,28.555918,2192.038776
graphite-rust,synthetic_paths_10000,1,False,publication,1,False,ok,0,False,0.6116307289921679,32595968,gnu_time,1.91,0.19,4355874,11.740843000000002,2.58729,531.3598499999999,6.2e-05,30.71772,576.461314
graphite-gpu,synthetic_paths_10000,1,False,publication,1,False,ok,0,False,0.967680339992512,187031552,gnu_time,1.09,0.63,4355864,13.245428,2.967526,830.307102,6.8e-05,28.853468,875.426496
graphite-bandage,synthetic_paths_10000,2,False,publication,1,False,ok,0,False,2.288536940002814,87273472,gnu_time,2.19,0.05,4341991,12.414408,2.960235,2191.213369,5.5e-05,27.635942,2234.275132
graphite-rust,synthetic_paths_10000,2,False,publication,1,False,ok,0,False,0.6624905920034507,32509952,gnu_time,2.17,0.22,4355874,12.300906000000001,2.978255,565.8143329999999,8.1e-05,30.376924,611.508957
graphite-gpu,synthetic_paths_10000,2,False,publication,1,False,ok,0,False,0.9175604820047738,187576320,gnu_time,0.88,0.66,4355864,13.63052,3.233022,796.573435,6.8e-05,27.923621,841.401243
graphite-bandage,synthetic_paths_10000,3,False,publication,1,False,ok,0,False,2.288529234996531,87642112,gnu_time,2.19,0.04,4364718,13.163041,3.311278,2190.1097250000003,5.5e-05,28.55001,2235.1663519999997
graphite-rust,synthetic_paths_10000,3,False,publication,1,False,ok,0,False,0.6113304580067052,32530432,gnu_time,1.99,0.24,4355874,13.776338,2.7455589999999996,534.108844,6.1000000000000005e-05,30.063012999999998,580.732619
graphite-gpu,synthetic_paths_10000,3,False,publication,1,False,ok,0,False,0.9170610410074005,187179008,gnu_time,1.01,0.67,4355864,12.295879,3.137375,826.1067859999999,5.4e-05,28.719277,870.312167
graphite-bandage,synthetic_paths_10000,4,False,publication,1,False,ok,0,False,2.1381516300025396,87728128,gnu_time,2.05,0.04,4349722,13.065927,3.043021,2050.8267830000004,5.5e-05,25.791967999999997,2092.763165
graphite-rust,synthetic_paths_10000,4,False,publication,1,False,ok,0,False,0.45845785400888417,33345536,gnu_time,1.71,0.14,4355874,13.030418000000001,2.7364770000000003,389.998069,8.8e-05,29.190497999999998,434.990726
graphite-gpu,synthetic_paths_10000,4,False,publication,1,False,ok,0,False,0.9166272029979154,187437056,gnu_time,1.07,0.63,4355864,12.080924,3.137745,805.696915,5.6e-05,28.051022,849.0119080000001
graphite-bandage,synthetic_walks_10000,0,True,publication,1,False,ok,0,False,2.3407558259932557,87482368,gnu_time,2.24,0.05,4357454,12.047779,2.979213,2246.6022620000003,5.6e-05,26.435074,2288.097022
graphite-rust,synthetic_walks_10000,0,True,publication,1,False,ok,0,False,0.5091786359989783,32985088,gnu_time,1.79,0.17,4355874,12.734898,2.545165,435.52441,6.400000000000001e-05,28.700347,479.535541
graphite-gpu,synthetic_walks_10000,0,True,publication,1,False,ok,0,False,0.9165447440027492,187486208,gnu_time,1.0,0.67,4355864,13.616729,2.546783,816.253766,5.9e-05,27.754222,860.234022
graphite-bandage,synthetic_walks_10000,0,False,publication,1,False,ok,0,False,2.441081576005672,87539712,gnu_time,2.34,0.05,4345848,13.787505,3.021337,2346.873685,8.1e-05,27.336171999999998,2391.0603610000003
graphite-rust,synthetic_walks_10000,0,False,publication,1,False,ok,0,False,0.6114286070078379,32649216,gnu_time,2.02,0.25,4355874,11.823946,2.791061,547.918126,6.9e-05,29.929676999999998,592.498401
graphite-gpu,synthetic_walks_10000,0,False,publication,1,False,ok,0,False,0.9168854339950485,187396096,gnu_time,1.0,0.65,4355864,13.160205,3.14255,795.42973,0.00026199999999999997,28.946771,840.730779
graphite-bandage,synthetic_walks_10000,1,False,publication,1,False,ok,0,False,2.1865176760038594,87490560,gnu_time,2.13,0.04,4372536,12.011737,2.922937,2129.919157,5.2000000000000004e-05,25.871311000000002,2170.76524
graphite-rust,synthetic_walks_10000,1,False,publication,1,False,ok,0,False,0.4564525139867328,32653312,gnu_time,1.65,0.12,4355874,13.727701,2.5226319999999998,367.75464800000003,7.5e-05,28.535654,412.573325
graphite-gpu,synthetic_walks_10000,1,False,publication,1,False,ok,0,False,0.866221043994301,187068416,gnu_time,0.93,0.6,4355864,13.181411,2.5888590000000002,759.481049,7.1e-05,28.041851,803.35787
graphite-bandage,synthetic_walks_10000,2,False,publication,1,False,ok,0,False,2.2378102899965597,87113728,gnu_time,2.14,0.05,4347073,13.808524,3.1095260000000002,2145.841723,0.000137,27.006013,2189.831463
graphite-rust,synthetic_walks_10000,2,False,publication,1,False,ok,0,False,0.4587576820049435,32985088,gnu_time,1.7,0.14,4355874,11.522261,2.598845,390.36280800000003,5.5e-05,27.771919999999998,432.284676
graphite-gpu,synthetic_walks_10000,2,False,publication,1,False,ok,0,False,0.9676796650019241,187092992,gnu_time,1.09,0.65,4355864,13.559623,2.681533,842.4507169999999,5.8e-05,28.318973,887.061522
graphite-bandage,synthetic_walks_10000,3,False,publication,1,False,ok,0,False,2.237441550998483,87425024,gnu_time,2.17,0.05,4355703,12.249838,3.114163,2176.491335,6.1000000000000005e-05,27.20157,2219.094665
graphite-rust,synthetic_walks_10000,3,False,publication,1,False,ok,0,False,0.5603351369936718,32624640,gnu_time,1.81,0.17,4355874,12.37164,2.7236819999999997,473.044815,8.499999999999999e-05,28.537051,516.70649
graphite-gpu,synthetic_walks_10000,3,False,publication,1,False,ok,0,False,0.9682172220054781,187330560,gnu_time,0.96,0.67,4355864,12.517802999999999,2.537103,782.921666,6.8e-05,28.397492,826.439096
graphite-bandage,synthetic_walks_10000,4,False,publication,1,False,ok,0,False,2.238293315996998,87470080,gnu_time,2.17,0.05,4355390,12.715542999999998,2.9312359999999997,2174.816834,7.000000000000001e-05,25.893624,2216.394552
graphite-rust,synthetic_walks_10000,4,False,publication,1,False,ok,0,False,0.6105716790043516,33419264,gnu_time,2.04,0.19,4355874,12.973194000000001,2.524294,516.828075,0.00010400000000000001,30.141068999999998,562.497941
graphite-gpu,synthetic_walks_10000,4,False,publication,1,False,ok,0,False,0.7634212859993568,187486208,gnu_time,0.76,0.58,4355864,13.715322,2.691662,675.593383,0.000161,26.733104,718.7691309999999
graphite-bandage,synthetic_containments_10000,0,True,publication,1,False,ok,0,False,2.190178384000319,87314432,gnu_time,2.1,0.04,4344166,10.642368,2.721915,2100.42302,5.4e-05,25.550537000000002,2139.372949
graphite-rust,synthetic_containments_10000,0,True,publication,1,False,ok,0,False,0.6076115320029203,32481280,gnu_time,2.03,0.2,4355874,11.159136,2.568514,524.594644,7.2e-05,29.648001999999998,568.009302
graphite-gpu,synthetic_containments_10000,0,True,publication,1,False,ok,0,False,0.8157201450085267,187035648,gnu_time,0.72,0.62,4355864,13.573208999999999,3.4538130000000002,689.171685,5.5e-05,25.89987,732.134299
graphite-bandage,synthetic_containments_10000,0,False,publication,1,False,ok,0,False,2.389848199993139,87228416,gnu_time,2.31,0.03,4362932,12.839408,2.76806,2306.308151,5.6e-05,26.780684,2348.738217
graphite-rust,synthetic_containments_10000,0,False,publication,1,False,ok,0,False,0.45840634100022726,32444416,gnu_time,1.74,0.15,4355874,12.908180999999999,2.56089,379.35936,7.900000000000001e-05,28.13983,423.003932
graphite-gpu,synthetic_containments_10000,0,False,publication,1,False,ok,0,False,0.8143443690059939,187047936,gnu_time,0.83,0.57,4355864,11.090838,2.675687,703.770102,5.5e-05,27.56753,745.1455550000001
graphite-bandage,synthetic_containments_10000,1,False,publication,1,False,ok,0,False,2.288697369003785,87195648,gnu_time,2.21,0.04,4346206,11.672319,2.94286,2212.505294,6.5e-05,25.381807,2252.538977
graphite-rust,synthetic_containments_10000,1,False,publication,1,False,ok,0,False,0.4583641009958228,32849920,gnu_time,1.73,0.12,4355874,11.741494,2.9144639999999997,377.055095,6.8e-05,28.730773000000003,420.47318099999995
graphite-gpu,synthetic_containments_10000,1,False,publication,1,False,ok,0,False,0.8162586409889627,186650624,gnu_time,0.86,0.64,4355864,11.08063,2.680663,736.739766,5.7e-05,26.695392,777.232266
graphite-bandage,synthetic_containments_10000,2,False,publication,1,False,ok,0,False,2.189106088990229,87265280,gnu_time,2.13,0.03,4365695,10.997854,2.5225,2125.068701,5.2000000000000004e-05,25.791238,2164.41643
graphite-rust,synthetic_containments_10000,2,False,publication,1,False,ok,0,False,0.4584299190028105,32600064,gnu_time,1.68,0.17,4355874,11.442812,2.605427,362.271324,0.000108,28.069591000000003,404.423585
graphite-gpu,synthetic_containments_10000,2,False,publication,1,False,ok,0,False,0.7630804880027426,186933248,gnu_time,0.8,0.51,4355864,10.966076,2.727812,656.2197610000001,5.5e-05,26.010758,695.963651
graphite-bandage,synthetic_containments_10000,3,False,publication,1,False,ok,0,False,2.1863281429978088,87592960,gnu_time,2.12,0.04,4358045,11.859727000000001,2.524419,2115.4858870000003,7.3e-05,26.09487,2155.997953
graphite-rust,synthetic_containments_10000,3,False,publication,1,False,ok,0,False,0.458831186988391,32854016,gnu_time,1.7,0.12,4355874,13.309776000000001,2.6508640000000003,364.527887,6.8e-05,27.268703,407.786636
graphite-gpu,synthetic_containments_10000,3,False,publication,1,False,ok,0,False,0.8140016269899206,186949632,gnu_time,0.78,0.57,4355864,10.611551,2.487263,689.75184,5.5e-05,26.802279,729.6889050000001
graphite-bandage,synthetic_containments_10000,4,False,publication,1,False,ok,0,False,2.185890943001141,86941696,gnu_time,2.12,0.04,4364483,12.721629,2.7081779999999998,2112.199715,5.3e-05,25.683046,2153.355272
graphite-rust,synthetic_containments_10000,4,False,publication,1,False,ok,0,False,0.4585154300002614,32477184,gnu_time,1.68,0.14,4355874,12.498688000000001,2.992087,375.99242300000003,6.400000000000001e-05,28.040895,419.554428
graphite-gpu,synthetic_containments_10000,4,False,publication,1,False,ok,0,False,0.8646388050110545,186941440,gnu_time,0.95,0.59,4355864,13.010422,2.568349,756.039139,4.8e-05,28.566399,800.231224
graphite-bandage,synthetic_mixed_10000,0,True,publication,1,False,ok,0,False,2.3917523419950157,92827648,gnu_time,2.29,0.05,4499720,21.166445,3.0272200000000002,2281.758927,5.4e-05,28.292527,2334.285688
graphite-rust,synthetic_mixed_10000,0,True,publication,1,False,ok,0,False,0.6633066969952779,37969920,gnu_time,2.03,0.21,4489718,18.781197,3.1202579999999998,544.547675,7.6e-05,33.208684000000005,599.697905
graphite-gpu,synthetic_mixed_10000,0,True,publication,1,False,ok,0,False,0.8140196250024019,192389120,gnu_time,0.9,0.57,4489718,20.178182999999997,2.705978,725.00811,5.9999999999999995e-05,27.737333,775.66583
graphite-bandage,synthetic_mixed_10000,0,False,publication,1,False,ok,0,False,2.0892381930025294,92835840,gnu_time,2.02,0.04,4493446,19.221453999999998,2.676524,2011.6312810000002,5.9e-05,26.951152,2060.529188
graphite-rust,synthetic_mixed_10000,0,False,publication,1,False,ok,0,False,0.4576163190067746,37965824,gnu_time,1.79,0.17,4489718,18.99751,2.6821919999999997,382.859063,5.9e-05,28.351378,432.92346
graphite-gpu,synthetic_mixed_10000,0,False,publication,1,False,ok,0,False,0.8154534730128944,192331776,gnu_time,0.85,0.6,4489718,20.262247000000002,2.6218339999999998,699.77592,5.3e-05,27.98353,750.683107
graphite-bandage,synthetic_mixed_10000,1,False,publication,1,False,ok,0,False,2.192301255010534,92479488,gnu_time,2.09,0.05,4491480,19.538673,2.960323,2087.8284360000002,5.4e-05,26.841009,2137.201191
graphite-rust,synthetic_mixed_10000,1,False,publication,1,False,ok,0,False,0.4584789710061159,38342656,gnu_time,1.7,0.13,4489718,19.696834,2.7866850000000003,376.755606,9.9e-05,29.420426,428.687963
graphite-gpu,synthetic_mixed_10000,1,False,publication,1,False,ok,0,False,0.8140037220000522,191553536,gnu_time,0.8,0.6,4489718,18.60523,2.656117,700.022818,5.4e-05,26.802605,748.121206
graphite-bandage,synthetic_mixed_10000,2,False,publication,1,False,ok,0,False,2.1908574699918972,92831744,gnu_time,2.12,0.03,4483276,19.732017000000003,2.664688,2106.451869,5.6e-05,26.597768000000002,2155.4817869999997
graphite-rust,synthetic_mixed_10000,2,False,publication,1,False,ok,0,False,0.4577700219961116,37548032,gnu_time,1.71,0.12,4489718,19.087433,2.631226,363.689963,6.3e-05,29.328371999999998,414.768309
graphite-gpu,synthetic_mixed_10000,2,False,publication,1,False,ok,0,False,0.8671968939888757,192106496,gnu_time,0.9,0.59,4489718,21.160836999999997,2.678912,727.445474,5.6e-05,29.290172,780.615779
graphite-bandage,synthetic_mixed_10000,3,False,publication,1,False,ok,0,False,2.1386706299963407,92823552,gnu_time,2.04,0.05,4491119,19.870827000000002,3.314075,2040.1482240000003,5.5e-05,26.324058,2089.689876
graphite-rust,synthetic_mixed_10000,3,False,publication,1,False,ok,0,False,0.45826884199050255,37564416,gnu_time,1.67,0.16,4489718,18.855055,2.650928,374.819432,5.9e-05,28.999011000000003,425.34921599999996
graphite-gpu,synthetic_mixed_10000,3,False,publication,1,False,ok,0,False,0.8668925279926043,191528960,gnu_time,0.92,0.61,4489718,19.214910000000003,2.69384,749.563415,6.7e-05,28.81256,800.329936
graphite-bandage,synthetic_mixed_10000,4,False,publication,1,False,ok,0,False,2.2435929479979677,92422144,gnu_time,2.17,0.04,4494573,20.522609,3.4006459999999996,2154.7068569999997,5.6e-05,26.831611,2205.498234
graphite-rust,synthetic_mixed_10000,4,False,publication,1,False,ok,0,False,0.5088259029871551,37928960,gnu_time,1.92,0.15,4489718,19.593802,2.775137,416.129243,7.3e-05,29.780887999999997,468.31554600000004
graphite-gpu,synthetic_mixed_10000,4,False,publication,1,False,ok,0,False,0.9186611320037628,192421888,gnu_time,1.02,0.64,4489718,20.352339,2.983317,796.1043060000001,5.6e-05,28.608597,848.093848
graphite-bandage,bandage-plasmids,0,True,publication,1,False,ok,0,False,0.052640210997196846,9154560,gnu_time,0.0,0.0,5386,0.391919,0.050658,4.7707619999999995,0.00012800000000000002,0.9371959999999999,6.19325
graphite-rust,bandage-plasmids,0,True,publication,1,False,ok,0,False,0.05211721599334851,9187328,gnu_time,0.06,0.03,5362,0.41818900000000003,0.055751,13.175755,9.099999999999999e-05,0.6997,14.382949
graphite-gpu,bandage-plasmids,0,True,publication,1,False,ok,0,False,0.5106594800017774,154566656,gnu_time,0.15,0.36,5362,0.383381,0.056934,428.34459000000004,0.000107,0.8501179999999999,429.676936
graphite-bandage,bandage-plasmids,0,False,publication,1,False,ok,0,False,0.05226710299029946,9125888,gnu_time,0.0,0.0,5383,0.404807,0.057082,4.929678,0.00010899999999999999,0.805948,6.234985999999999
graphite-rust,bandage-plasmids,0,False,publication,1,False,ok,0,False,0.05227594100870192,9216000,gnu_time,0.08,0.03,5362,0.410167,0.046837,14.137125000000001,0.000232,0.827981,15.474801999999999
graphite-gpu,bandage-plasmids,0,False,publication,1,False,ok,0,False,0.4596807610068936,154750976,gnu_time,0.14,0.37,5362,0.374257,0.052634,404.414499,0.000213,0.79335,405.67766500000005
graphite-bandage,bandage-plasmids,1,False,publication,1,False,ok,0,False,0.052393170990399085,9154560,gnu_time,0.0,0.0,5381,0.22187500000000002,0.030267,4.950272,0.00011899999999999999,0.775338,6.013992999999999
graphite-rust,bandage-plasmids,1,False,publication,1,False,ok,0,False,0.051992361011798494,9134080,gnu_time,0.07,0.03,5362,0.276084,0.043125,13.697844,9.999999999999999e-05,0.658769,14.722107
graphite-gpu,bandage-plasmids,1,False,publication,1,False,ok,0,False,0.4598946799960686,155095040,gnu_time,0.14,0.36,5362,0.28519500000000003,0.031866000000000005,396.659585,5.8e-05,0.7802209999999999,397.796983
graphite-bandage,bandage-plasmids,2,False,publication,1,False,ok,0,False,0.05239102800260298,9146368,gnu_time,0.0,0.0,5373,0.42332,0.050856000000000005,5.879244,0.000101,0.755564,7.151368
graphite-rust,bandage-plasmids,2,False,publication,1,False,ok,0,False,0.05214414600050077,9134080,gnu_time,0.09,0.02,5362,0.371423,0.07907900000000001,13.861779,0.00011300000000000001,0.632417,14.98056
graphite-gpu,bandage-plasmids,2,False,publication,1,False,ok,0,False,0.459435411990853,155074560,gnu_time,0.14,0.37,5362,0.40362200000000004,0.057475,409.858927,0.000144,0.764633,411.123198
graphite-bandage,bandage-plasmids,3,False,publication,1,False,ok,0,False,0.05237791400577407,9129984,gnu_time,0.0,0.0,5355,0.409849,0.050986000000000004,5.238333000000001,9.5e-05,0.7371120000000001,6.48259
graphite-rust,bandage-plasmids,3,False,publication,1,False,ok,0,False,0.05203638199600391,9187328,gnu_time,0.08,0.03,5362,0.416196,0.046499000000000006,14.151172,0.00026399999999999997,0.9918049999999999,15.670586
graphite-gpu,bandage-plasmids,3,False,publication,1,False,ok,0,False,0.4573365000105696,154693632,gnu_time,0.11,0.36,5362,0.39250599999999997,0.051489,387.85996900000004,6.599999999999999e-05,0.609376,388.947636
graphite-bandage,bandage-plasmids,4,False,publication,1,False,ok,0,False,0.052061741007491946,9195520,gnu_time,0.0,0.0,5373,0.411681,0.054127,5.584591,0.00011999999999999999,0.8796970000000001,6.970973
graphite-rust,bandage-plasmids,4,False,publication,1,False,ok,0,False,0.051800189990899526,9183232,gnu_time,0.05,0.02,5362,0.399839,0.051733,10.111324999999999,0.000103,0.507687,11.099961
graphite-gpu,bandage-plasmids,4,False,publication,1,False,ok,0,False,0.4567858549999073,154570752,gnu_time,0.12,0.36,5362,0.375849,0.069492,384.068541,9.5e-05,0.673351,385.218541
graphite-bandage,bandage-noseq,0,True,publication,1,False,ok,0,False,0.05222645899630152,9125888,gnu_time,0.0,0.0,5377,0.135999,0.046922000000000005,6.5346709999999995,7.1e-05,0.770427,7.5217979999999995
graphite-rust,bandage-noseq,0,True,publication,1,False,ok,0,False,0.05196771799819544,9596928,gnu_time,0.08,0.02,5362,0.115846,0.034541,13.243057,0.000114,0.685447,14.116835
graphite-gpu,bandage-noseq,0,True,publication,1,False,ok,0,False,0.4585439529910218,154566656,gnu_time,0.14,0.36,5362,0.15892900000000001,0.048466,400.43276,8.499999999999999e-05,0.763012,401.446252
graphite-bandage,bandage-noseq,0,False,publication,1,False,ok,0,False,0.05223595999996178,9134080,gnu_time,0.0,0.0,5383,0.13966,0.04197,5.637042999999999,9.5e-05,0.7547250000000001,6.611323
graphite-rust,bandage-noseq,0,False,publication,1,False,ok,0,False,0.05204794601013418,9555968,gnu_time,0.05,0.04,5362,0.172056,0.053942,13.519554,9.6e-05,0.775386,14.555401000000002
graphite-gpu,bandage-noseq,0,False,publication,1,False,ok,0,False,0.6096267929970054,154947584,gnu_time,0.12,0.38,5362,0.130803,0.060077,527.328956,7.7e-05,0.7030069999999999,528.255997
graphite-bandage,bandage-noseq,1,False,publication,1,False,ok,0,False,0.052281427997513674,9179136,gnu_time,0.0,0.0,5358,0.162215,0.055661999999999996,4.889551,0.000103,0.739919,5.889665
graphite-rust,bandage-noseq,1,False,publication,1,False,ok,0,False,0.05215549199783709,9166848,gnu_time,0.08,0.02,5362,0.13463599999999998,0.047103,13.402562,9.6e-05,0.585001,14.201068000000001
graphite-gpu,bandage-noseq,1,False,publication,1,False,ok,0,False,0.4584631160105346,154914816,gnu_time,0.13,0.36,5362,0.133942,0.059878,392.983502,0.000169,0.715208,393.928098
graphite-bandage,bandage-noseq,2,False,publication,1,False,ok,0,False,0.05201788501290139,9175040,gnu_time,0.0,0.0,5373,0.125455,0.048079,6.785062,8.8e-05,0.5720019999999999,7.562081
graphite-rust,bandage-noseq,2,False,publication,1,False,ok,0,False,0.052013977998285554,9134080,gnu_time,0.04,0.03,5362,0.11924,0.04625,10.180958,0.000139,0.578315,10.953902999999999
graphite-gpu,bandage-noseq,2,False,publication,1,False,ok,0,False,0.45869887599837966,154705920,gnu_time,0.14,0.37,5362,0.129059,0.051472,398.527407,6.9e-05,0.720229,399.467945
graphite-bandage,bandage-noseq,3,False,publication,1,False,ok,0,False,0.05239451899251435,9228288,gnu_time,0.0,0.0,5332,0.120451,0.048411,6.721986,7.4e-05,0.660783,7.5822210000000005
graphite-rust,bandage-noseq,3,False,publication,1,False,ok,0,False,0.0521833719976712,9142272,gnu_time,0.08,0.02,5362,0.138725,0.056332,13.465315,0.000138,0.624953,14.317495
graphite-gpu,bandage-noseq,3,False,publication,1,False,ok,0,False,0.45877999599906616,154955776,gnu_time,0.14,0.36,5362,0.131795,0.040564,393.347519,7.1e-05,0.722227,394.281665
graphite-bandage,bandage-noseq,4,False,publication,1,False,ok,0,False,0.052177106990711764,9125888,gnu_time,0.0,0.0,5326,0.165903,0.048522,5.4080259999999996,9.7e-05,0.69481,6.356648000000001
graphite-rust,bandage-noseq,4,False,publication,1,False,ok,0,False,0.0520672860002378,9146368,gnu_time,0.06,0.03,5362,0.136105,0.040143,12.737442999999999,9.800000000000001e-05,0.829366,13.779001000000001
graphite-gpu,bandage-noseq,4,False,publication,1,False,ok,0,False,0.45900582300964743,154763264,gnu_time,0.13,0.38,5362,0.173491,0.056607000000000005,407.356936,5.8e-05,0.7360490000000001,408.36274
graphite-bandage,vg-paths-walks,0,True,publication,1,False,ok,0,False,0.05227186800038908,9191424,gnu_time,0.0,0.0,6231,0.163024,0.06576599999999999,2.235139,0.000213,1.0288350000000002,3.535374
graphite-rust,vg-paths-walks,0,True,publication,1,False,ok,0,False,0.0521601259970339,9166848,gnu_time,0.04,0.01,6246,0.162521,0.06915,7.6834039999999995,0.00015099999999999998,0.787852,8.74588
graphite-gpu,vg-paths-walks,0,True,publication,1,False,ok,0,False,0.45891909299825784,154562560,gnu_time,0.1,0.35,6246,0.12945099999999998,0.062308,387.728803,6.2e-05,0.733357,388.69148199999995
graphite-bandage,vg-paths-walks,0,False,publication,1,False,ok,0,False,0.05225941599928774,9187328,gnu_time,0.0,0.0,6247,0.131136,0.041276,1.534577,0.00016,0.920326,2.685211
graphite-rust,vg-paths-walks,0,False,publication,1,False,ok,0,False,0.0523896539962152,9134080,gnu_time,0.05,0.0,6246,0.088788,0.036391,7.561565,0.000194,0.860401,8.592279
graphite-gpu,vg-paths-walks,0,False,publication,1,False,ok,0,False,0.4587854069977766,154292224,gnu_time,0.11,0.34,6246,0.160583,0.05761,388.06334999999996,0.000107,0.6035860000000001,388.921536
graphite-bandage,vg-paths-walks,1,False,publication,1,False,ok,0,False,0.05194429001130629,9113600,gnu_time,0.0,0.0,6247,0.110098,0.034872,1.316459,0.000136,0.7595949999999999,2.258777
graphite-rust,vg-paths-walks,1,False,publication,1,False,ok,0,False,0.05212328898778651,8785920,gnu_time,0.02,0.02,6246,0.145313,0.064524,6.1255429999999995,0.000107,0.5750040000000001,6.944085
graphite-gpu,vg-paths-walks,1,False,publication,1,False,ok,0,False,0.4588741429906804,154763264,gnu_time,0.11,0.35,6246,0.163114,0.061437,395.303978,5.7e-05,0.641262,396.208655
graphite-bandage,vg-paths-walks,2,False,publication,1,False,ok,0,False,0.05226326300180517,9195520,gnu_time,0.0,0.0,6241,0.147393,0.055837,1.877152,0.000229,1.087976,3.234248
graphite-rust,vg-paths-walks,2,False,publication,1,False,ok,0,False,0.05242354600341059,9129984,gnu_time,0.04,0.01,6246,0.144192,0.060602,7.5387070000000005,0.00021,1.237118,9.047437
graphite-gpu,vg-paths-walks,2,False,publication,1,False,ok,0,False,0.458923493992188,154570752,gnu_time,0.1,0.35,6246,0.135973,0.051857,382.16815199999996,7.1e-05,0.690725,383.07931699999995
graphite-bandage,vg-paths-walks,3,False,publication,1,False,ok,0,False,0.052276625006925315,9146368,gnu_time,0.0,0.0,6239,0.1417,0.055883,1.994318,0.000217,1.072333,3.327022
graphite-rust,vg-paths-walks,3,False,publication,1,False,ok,0,False,0.05208838399266824,9134080,gnu_time,0.04,0.01,6246,0.16732,0.063649,7.9796190000000005,0.000191,0.81364,9.064392
graphite-gpu,vg-paths-walks,3,False,publication,1,False,ok,0,False,0.45880894298898056,154857472,gnu_time,0.11,0.33,6246,0.13117399999999999,0.055033,382.46878,5.7e-05,0.653644,383.345666
graphite-bandage,vg-paths-walks,4,False,publication,1,False,ok,0,False,0.05233186199620832,9195520,gnu_time,0.0,0.0,6241,0.109875,0.042493,1.513044,0.000145,0.8472240000000001,2.554331
graphite-rust,vg-paths-walks,4,False,publication,1,False,ok,0,False,0.05219683499308303,8802304,gnu_time,0.03,0.02,6246,0.16334100000000001,0.038888,7.048691,0.00017900000000000001,0.90828,8.205710999999999
graphite-gpu,vg-paths-walks,4,False,publication,1,False,ok,0,False,0.45914803199411836,154824704,gnu_time,0.1,0.35,6246,0.163457,0.057551,383.837204,0.00011,0.6074849999999999,384.698393
graphite-bandage,vg-chopping-walks,0,True,publication,1,False,ok,0,False,0.05195218199514784,8777728,gnu_time,0.0,0.0,3553,0.154757,0.046501,0.103007,0.000212,0.916207,1.2787499999999998
graphite-rust,vg-chopping-walks,0,True,publication,1,False,ok,0,False,0.051957269010017626,9166848,gnu_time,0.0,0.0,3553,0.117821,0.034267000000000006,0.085952,0.00019,0.792141,1.074339
graphite-gpu,vg-chopping-walks,0,True,publication,1,False,ok,0,False,0.5098809690098278,153452544,gnu_time,0.07,0.34,3553,0.141376,0.03914,471.395059,5.4e-05,0.689156,472.307486
graphite-bandage,vg-chopping-walks,0,False,publication,1,False,ok,0,False,0.05227121200005058,9191424,gnu_time,0.0,0.0,3553,0.164085,0.04644,0.119472,0.000247,1.021876,1.423241
graphite-rust,vg-chopping-walks,0,False,publication,1,False,ok,0,False,0.052085221992456354,8720384,gnu_time,0.0,0.0,3553,0.128746,0.036522,0.11069,0.00023999999999999998,1.065102,1.414932
graphite-gpu,vg-chopping-walks,0,False,publication,1,False,ok,0,False,0.458267132009496,153825280,gnu_time,0.07,0.33,3553,0.114211,0.033016,380.045745,0.000237,0.719618,380.951211
graphite-bandage,vg-chopping-walks,1,False,publication,1,False,ok,0,False,0.05217920399445575,8744960,gnu_time,0.0,0.0,3553,0.095445,0.028129,0.09066800000000001,0.000176,0.850499,1.1051170000000001
graphite-rust,vg-chopping-walks,1,False,publication,1,False,ok,0,False,0.0522040729993023,9191424,gnu_time,0.0,0.0,3553,0.101369,0.027523,0.07420700000000001,0.000149,0.733548,0.9772660000000001
graphite-gpu,vg-chopping-walks,1,False,publication,1,False,ok,0,False,0.45937666500685737,153845760,gnu_time,0.07,0.33,3553,0.08146400000000001,0.022382,379.198547,0.00024900000000000004,0.732297,380.067225
graphite-bandage,vg-chopping-walks,2,False,publication,1,False,ok,0,False,0.052530033004586585,8790016,gnu_time,0.0,0.0,3553,0.14210399999999998,0.057114000000000005,0.10868699999999999,0.000213,1.024417,1.3775330000000001
graphite-rust,vg-chopping-walks,2,False,publication,1,False,ok,0,False,0.052127604009001516,8802304,gnu_time,0.0,0.0,3553,0.124267,0.050583,0.104335,0.000225,0.915142,1.250285
graphite-gpu,vg-chopping-walks,2,False,publication,1,False,ok,0,False,0.4594432479934767,153890816,gnu_time,0.07,0.33,3553,0.134507,0.044751,383.911508,4.8e-05,0.748175,384.87658899999997
graphite-bandage,vg-chopping-walks,3,False,publication,1,False,ok,0,False,0.05240944201068487,9138176,gnu_time,0.0,0.0,3553,0.11940200000000001,0.031985,0.08699799999999999,0.000162,1.013015,1.2987170000000001
graphite-rust,vg-chopping-walks,3,False,publication,1,False,ok,0,False,0.05209588599973358,8757248,gnu_time,0.0,0.0,3553,0.097038,0.026474,0.08224300000000001,0.00019,0.7905749999999999,1.037332
graphite-gpu,vg-chopping-walks,3,False,publication,1,False,ok,0,False,0.45865522099484224,153776128,gnu_time,0.07,0.33,3553,0.090582,0.028463,379.30122,4.4999999999999996e-05,0.72403,380.179571
graphite-bandage,vg-chopping-walks,4,False,publication,1,False,ok,0,False,0.05231264099711552,9138176,gnu_time,0.0,0.0,3553,0.157716,0.052285,0.12742699999999998,0.000225,1.05723,1.4597550000000001
graphite-rust,vg-chopping-walks,4,False,publication,1,False,ok,0,False,0.052289155006292276,8744960,gnu_time,0.0,0.0,3553,0.11441499999999999,0.037462,0.10183199999999999,0.000187,0.952354,1.26471
graphite-gpu,vg-chopping-walks,4,False,publication,1,False,ok,0,False,0.4593619349907385,154001408,gnu_time,0.07,0.33,3553,0.101306,0.03597,382.330693,0.00021,0.729175,383.231947
graphite-bandage,vg-disconnected,0,True,publication,1,False,ok,0,False,0.05237685599422548,9097216,gnu_time,0.0,0.0,1743,0.08860399999999999,0.021795000000000002,0.113628,0.00019999999999999998,0.7994150000000001,1.068678
graphite-rust,vg-disconnected,0,True,publication,1,False,ok,0,False,0.05199232400627807,8744960,gnu_time,0.0,0.0,1743,0.07515,0.018208,0.097457,0.000164,0.7262679999999999,0.9584119999999999
graphite-gpu,vg-disconnected,0,True,publication,1,False,ok,0,False,0.458872679999331,153849856,gnu_time,0.07,0.33,1743,0.06965,0.028456,380.163732,5.3e-05,0.6720940000000001,380.967751
graphite-bandage,vg-disconnected,0,False,publication,1,False,ok,0,False,0.052324632997624576,8699904,gnu_time,0.0,0.0,1743,0.124559,0.037691999999999996,0.14449299999999998,0.000213,0.771479,1.117848
graphite-rust,vg-disconnected,0,False,publication,1,False,ok,0,False,0.05202936900604982,8757248,gnu_time,0.0,0.0,1743,0.119187,0.030371000000000002,0.11780299999999999,0.000217,0.958928,1.2850380000000001
graphite-gpu,vg-disconnected,0,False,publication,1,False,ok,0,False,0.560926534992177,153718784,gnu_time,0.07,0.34,1743,0.120238,0.02984,480.504469,0.00010899999999999999,0.817814,481.521797
graphite-bandage,vg-disconnected,1,False,publication,1,False,ok,0,False,0.05242778599495068,9117696,gnu_time,0.0,0.0,1743,0.132308,0.032833,0.14553100000000002,0.000221,0.926607,1.3244529999999999
graphite-rust,vg-disconnected,1,False,publication,1,False,ok,0,False,0.052149782990454696,8699904,gnu_time,0.0,0.0,1743,0.11060500000000001,0.035956,0.118638,0.000273,0.879586,1.208216
graphite-gpu,vg-disconnected,1,False,publication,1,False,ok,0,False,0.45969331299420446,153755648,gnu_time,0.07,0.34,1743,0.099319,0.022608,390.277084,0.000252,0.782775,391.22567499999997
graphite-bandage,vg-disconnected,2,False,publication,1,False,ok,0,False,0.052318797999760136,9109504,gnu_time,0.0,0.0,1743,0.11591000000000001,0.039782,0.134796,0.000213,0.941479,1.275155
graphite-rust,vg-disconnected,2,False,publication,1,False,ok,0,False,0.05201252599363215,9105408,gnu_time,0.0,0.0,1743,0.11203099999999999,0.024265,0.112202,0.000222,0.896728,1.203758
graphite-gpu,vg-disconnected,2,False,publication,1,False,ok,0,False,0.4586742090032203,153784320,gnu_time,0.07,0.33,1743,0.10245,0.02995,381.026315,7.000000000000001e-05,0.6946749999999999,381.910678
graphite-bandage,vg-disconnected,3,False,publication,1,False,ok,0,False,0.05232768499990925,9191424,gnu_time,0.0,0.0,1743,0.13928200000000002,0.037995,0.116148,0.00021899999999999998,0.993858,1.3543990000000001
graphite-rust,vg-disconnected,3,False,publication,1,False,ok,0,False,0.05200377700384706,9166848,gnu_time,0.0,0.0,1743,0.134397,0.029754,0.112359,0.000224,0.905476,1.2565650000000002
graphite-gpu,vg-disconnected,3,False,publication,1,False,ok,0,False,0.4587550430005649,153821184,gnu_time,0.07,0.33,1743,0.104437,0.030062000000000002,379.364449,5.5e-05,0.6854870000000001,380.224594
graphite-bandage,vg-disconnected,4,False,publication,1,False,ok,0,False,0.05233486900397111,8740864,gnu_time,0.0,0.0,1743,0.093933,0.031801,0.109832,0.000175,0.815424,1.10415
graphite-rust,vg-disconnected,4,False,publication,1,False,ok,0,False,0.05200957501074299,8781824,gnu_time,0.0,0.0,1743,0.091443,0.033783,0.081108,0.000162,0.719286,0.965501
graphite-gpu,vg-disconnected,4,False,publication,1,False,ok,0,False,0.5098223259992665,153849856,gnu_time,0.07,0.33,1743,0.078226,0.020149999999999998,470.635386,0.00021,0.6704410000000001,471.445759
graphite-bandage,vg-cactus-brca2,0,True,publication,1,False,ok,0,False,0.30648862100497354,19030016,gnu_time,0.29,0.01,499282,3.094987,0.4414,288.04375799999997,5.4e-05,3.954478,295.57061600000003
graphite-rust,vg-cactus-brca2,0,True,publication,1,False,ok,0,False,0.20517811601166613,11902976,gnu_time,0.56,0.15,498613,2.058764,0.624154,169.642239,7.7e-05,6.807912,179.16816699999998
graphite-gpu,vg-cactus-brca2,0,True,publication,1,False,ok,0,False,0.6125389820081182,169996288,gnu_time,0.4,0.48,498613,2.580423,0.533725,525.7906959999999,0.00011,4.2102770000000005,533.149737
graphite-bandage,vg-cactus-brca2,0,False,publication,1,False,ok,0,False,0.357459609003854,18931712,gnu_time,0.32,0.0,499921,3.212771,1.0138250000000002,319.415933,5.5e-05,3.9269220000000002,327.604157
graphite-rust,vg-cactus-brca2,0,False,publication,1,False,ok,0,False,0.20489592300145887,11878400,gnu_time,0.58,0.15,498613,2.168337,0.681419,171.013598,0.000191,9.010005,182.907758
graphite-gpu,vg-cactus-brca2,0,False,publication,1,False,ok,0,False,0.7144113969989121,169771008,gnu_time,0.38,0.53,498613,1.948237,0.536357,633.40755,5.8e-05,4.190788,640.1213759999999
graphite-bandage,vg-cactus-brca2,1,False,publication,1,False,ok,0,False,0.3573857369920006,18956288,gnu_time,0.29,0.01,501402,2.350009,0.737742,293.257348,5.4e-05,3.961681,300.341386
graphite-rust,vg-cactus-brca2,1,False,publication,1,False,ok,0,False,0.20356033099233173,11919360,gnu_time,0.59,0.12,498613,2.180211,0.6618120000000001,170.944475,0.00021799999999999999,9.09913,182.921104
graphite-gpu,vg-cactus-brca2,1,False,publication,1,False,ok,0,False,0.6130361960094888,170065920,gnu_time,0.42,0.46,498613,2.013917,0.625998,528.113964,5.7e-05,4.026579,534.8131000000001
graphite-bandage,vg-cactus-brca2,2,False,publication,1,False,ok,0,False,0.35752512799808756,19009536,gnu_time,0.3,0.01,499994,3.270057,0.823227,306.28229600000003,8.999999999999999e-05,4.123845,314.53470500000003
graphite-rust,vg-cactus-brca2,2,False,publication,1,False,ok,0,False,0.20375652000075206,11759616,gnu_time,0.61,0.12,498613,3.1757449999999996,0.9848579999999999,167.504915,0.000213,9.061322,180.768194
graphite-gpu,vg-cactus-brca2,2,False,publication,1,False,ok,0,False,0.6115364610013785,170008576,gnu_time,0.42,0.48,498613,3.1944339999999998,0.9805569999999999,529.164626,9.800000000000001e-05,3.9458770000000003,537.321791
graphite-bandage,vg-cactus-brca2,3,False,publication,1,False,ok,0,False,0.30671919700398576,18939904,gnu_time,0.27,0.0,499860,3.207311,0.880412,268.393644,5.9e-05,3.8532710000000003,276.36948099999995
graphite-rust,vg-cactus-brca2,3,False,publication,1,False,ok,0,False,0.2050953970028786,11857920,gnu_time,0.56,0.14,498613,2.927107,0.486464,150.632505,0.000363,8.926333,163.00797
graphite-gpu,vg-cactus-brca2,3,False,publication,1,False,ok,0,False,0.5606635189906228,170061824,gnu_time,0.41,0.45,498613,3.2396870000000004,0.827879,506.93265399999996,6.1000000000000005e-05,4.025961,515.062061
graphite-bandage,vg-cactus-brca2,4,False,publication,1,False,ok,0,False,0.3066667429957306,18956288,gnu_time,0.28,0.01,499200,2.588313,0.46503799999999995,283.814663,5.5e-05,3.976139,290.885361
graphite-rust,vg-cactus-brca2,4,False,publication,1,False,ok,0,False,0.20493972601252608,11788288,gnu_time,0.56,0.12,498613,2.008924,0.592274,150.27687500000002,0.000217,9.458431999999998,162.375565
graphite-gpu,vg-cactus-brca2,4,False,publication,1,False,ok,0,False,0.5607224289997248,170070016,gnu_time,0.42,0.44,498613,2.691168,0.445409,505.178821,9.9e-05,4.1533619999999996,512.507649
graphite-bandage,spades-esc,0,True,publication,1,False,ok,0,False,0.6116955449979287,26812416,gnu_time,0.54,0.01,489776,42.148657,0.35419,511.90829800000006,5.5e-05,4.05564,558.5037739999999
graphite-rust,spades-esc,0,True,publication,1,False,ok,0,False,0.20494838600279763,19820544,gnu_time,0.64,0.06,487798,39.918059,0.376558,97.38082200000001,0.000233,10.174071999999999,147.889753
graphite-gpu,spades-esc,0,True,publication,1,False,ok,0,False,0.6137462650076486,180932608,gnu_time,0.47,0.43,488336,40.878483,0.36243000000000003,520.632031,5.3e-05,4.136124,566.0492740000001
graphite-bandage,spades-esc,0,False,publication,1,False,ok,0,False,0.6113003170030424,26443776,gnu_time,0.55,0.0,490060,40.292843000000005,0.349708,514.601277,5.7e-05,3.994613,559.272682
graphite-rust,spades-esc,0,False,publication,1,False,ok,0,False,0.20498410900472663,20213760,gnu_time,0.65,0.06,487798,39.776076,0.368753,96.749188,0.000301,10.576202,147.50809
graphite-gpu,spades-esc,0,False,publication,1,False,ok,0,False,0.6136019519908587,180121600,gnu_time,0.42,0.46,488336,39.639246,0.364727,519.969223,6.8e-05,4.348892,564.361718
graphite-bandage,spades-esc,1,False,publication,1,False,ok,0,False,0.5614990339963697,26476544,gnu_time,0.54,0.01,490370,41.501076999999995,0.374215,504.32877399999995,6.400000000000001e-05,4.183842,550.428746
graphite-rust,spades-esc,1,False,publication,1,False,ok,0,False,0.20492263900814578,19763200,gnu_time,0.64,0.06,487798,40.444141,0.36599499999999996,95.65962999999999,0.00023999999999999998,10.189658000000001,146.694348
graphite-gpu,spades-esc,1,False,publication,1,False,ok,0,False,0.6116164599952754,181243904,gnu_time,0.44,0.42,488336,40.608844999999995,0.352719,502.881432,6.1000000000000005e-05,4.095224,547.975171
graphite-bandage,spades-esc,2,False,publication,1,False,ok,0,False,0.5612842559930868,26824704,gnu_time,0.54,0.0,490044,39.971407,0.361365,505.20894699999997,5.6e-05,4.025825,549.602637
graphite-rust,spades-esc,2,False,publication,1,False,ok,0,False,0.15379627799848095,20250624,gnu_time,0.58,0.08,487798,39.746316,0.35713900000000004,90.92076899999999,0.00021,10.710951999999999,141.779292
graphite-gpu,spades-esc,2,False,publication,1,False,ok,0,False,0.6122940429922892,180899840,gnu_time,0.44,0.48,488336,40.094558,0.364151,525.048841,6.7e-05,4.126702000000001,569.6699619999999
graphite-bandage,spades-esc,3,False,publication,1,False,ok,0,False,0.6116678760008654,26451968,gnu_time,0.55,0.01,490483,40.365023,0.353317,512.271692,0.000112,4.036534,557.06274
graphite-rust,spades-esc,3,False,publication,1,False,ok,0,False,0.20510705500782933,20172800,gnu_time,0.64,0.05,487798,41.6777,0.356466,93.74522999999999,0.00029499999999999996,9.933239,145.75347299999999
graphite-gpu,spades-esc,3,False,publication,1,False,ok,0,False,0.6132758860039758,180711424,gnu_time,0.41,0.48,488336,41.205292,0.350846,522.567961,0.000203,4.200476,568.36306
graphite-bandage,spades-esc,4,False,publication,1,False,ok,0,False,0.5614423329971032,26873856,gnu_time,0.54,0.0,490066,40.947326,0.373216,501.23117299999996,5.7e-05,4.118345,546.70511
graphite-rust,spades-esc,4,False,publication,1,False,ok,0,False,0.1539601539989235,19791872,gnu_time,0.64,0.05,487798,38.167366,0.360887,96.413005,0.000224,10.569262,145.543123
graphite-gpu,spades-esc,4,False,publication,1,False,ok,0,False,0.6123016080091475,180686848,gnu_time,0.4,0.46,488336,38.611608,0.36688600000000005,508.58855000000005,7.3e-05,4.242682,551.841837
graphite-bandage,flye-1y3b,0,True,publication,1,False,ok,0,False,0.10356831201352179,32030720,gnu_time,0.07,0.0,29151,75.251949,0.07352299999999999,0.742756,5.2000000000000004e-05,1.111442,77.214989
graphite-rust,flye-1y3b,0,True,publication,1,False,ok,0,False,0.1032812740013469,31612928,gnu_time,0.11,0.01,29152,78.490937,0.072716,6.461406,8.499999999999999e-05,1.075429,86.130313
graphite-gpu,flye-1y3b,0,True,publication,1,False,ok,0,False,0.5098447859927546,178176000,gnu_time,0.18,0.34,29152,71.7765,0.058594,384.735679,0.000222,0.912968,457.52554200000003
graphite-bandage,flye-1y3b,0,False,publication,1,False,ok,0,False,0.10324335499899462,32002048,gnu_time,0.07,0.0,29150,74.77191499999999,0.08536099999999999,0.7408239999999999,5.3e-05,0.987162,76.619807
graphite-rust,flye-1y3b,0,False,publication,1,False,ok,0,False,0.10304484999505803,32006144,gnu_time,0.1,0.02,29152,73.03034,0.06392,7.369750000000001,8.999999999999999e-05,1.0667039999999999,81.56347099999999
graphite-gpu,flye-1y3b,0,False,publication,1,False,ok,0,False,0.5100508159957826,177963008,gnu_time,0.19,0.34,29152,74.759302,0.072687,395.075954,6.5e-05,0.8637319999999999,470.812845
graphite-bandage,flye-1y3b,1,False,publication,1,False,ok,0,False,0.1033430699899327,31948800,gnu_time,0.07,0.0,29149,73.60426700000001,0.068569,0.765092,5.5e-05,1.01902,75.490881
graphite-rust,flye-1y3b,1,False,publication,1,False,ok,0,False,0.10312916999100707,32002048,gnu_time,0.11,0.02,29152,79.16793799999999,0.071856,7.589796000000001,9.3e-05,0.940248,87.801254
graphite-gpu,flye-1y3b,1,False,publication,1,False,ok,0,False,0.5096466960094403,177532928,gnu_time,0.17,0.35,29152,72.344649,0.061728000000000005,386.86996400000004,0.00010899999999999999,1.085076,460.401885
graphite-bandage,flye-1y3b,2,False,publication,1,False,ok,0,False,0.10321935400133952,31993856,gnu_time,0.07,0.0,29144,72.899046,0.059276,0.7422289999999999,5.2000000000000004e-05,0.9786529999999999,74.713267
graphite-rust,flye-1y3b,2,False,publication,1,False,ok,0,False,0.10301718200207688,31989760,gnu_time,0.12,0.0,29152,79.31448200000001,0.076967,6.9898299999999995,8.6e-05,1.734313,88.15081099999999
graphite-gpu,flye-1y3b,2,False,publication,1,False,ok,0,False,0.5106682720070239,178151424,gnu_time,0.18,0.36,29152,74.698587,0.075363,392.190204,0.000209,1.122158,468.120628
graphite-bandage,flye-1y3b,3,False,publication,1,False,ok,0,False,0.10312541900202632,31944704,gnu_time,0.07,0.0,29150,74.462111,0.063308,0.7360840000000001,5.3e-05,0.999665,76.29708000000001
graphite-rust,flye-1y3b,3,False,publication,1,False,ok,0,False,0.10303523400216363,31932416,gnu_time,0.11,0.01,29152,77.638111,0.059961,7.341396,6.2e-05,0.8914580000000001,85.960566
graphite-gpu,flye-1y3b,3,False,publication,1,False,ok,0,False,0.6123930850008037,178171904,gnu_time,0.18,0.36,29152,73.95371200000001,0.06916699999999999,487.442834,7.5e-05,1.063256,562.564902
graphite-bandage,flye-1y3b,4,False,publication,1,False,ok,0,False,0.10332727299828548,31539200,gnu_time,0.07,0.0,29150,73.58855,0.087654,0.7581600000000001,6.7e-05,0.9348890000000001,75.40500899999999
graphite-rust,flye-1y3b,4,False,publication,1,False,ok,0,False,0.10302230500383303,32038912,gnu_time,0.12,0.01,29152,72.876883,0.06850300000000001,7.894567,7.4e-05,1.576018,82.483419
graphite-gpu,flye-1y3b,4,False,publication,1,False,ok,0,False,0.5096754859987414,178126848,gnu_time,0.17,0.35,29152,74.222664,0.064874,383.05127799999997,6.1000000000000005e-05,0.877838,458.27213900000004
graphite-bandage,megahit-5g,0,True,publication,1,False,ok,0,False,1.4756621409906074,73273344,gnu_time,1.44,0.02,4293931,141.463392,4.709649,1285.329438,5.1e-05,22.910034,1454.528566
graphite-rust,megahit-5g,0,True,publication,1,False,ok,0,False,0.4589660829951754,59473920,gnu_time,1.41,0.07,4279911,138.079497,3.960407,269.05681500000003,5.2000000000000004e-05,26.625394,437.883465
graphite-gpu,megahit-5g,0,True,publication,1,False,ok,0,False,1.3243738790042698,215592960,gnu_time,1.5,0.7,4279686,141.11810599999998,3.9501589999999998,1046.619491,7.1e-05,27.331613,1219.202106
graphite-bandage,megahit-5g,0,False,publication,1,False,ok,0,False,1.4777977540070424,73269248,gnu_time,1.44,0.02,4300185,142.980299,4.406243,1284.21811,6.9e-05,24.107647999999998,1455.880436
graphite-rust,megahit-5g,0,False,publication,1,False,ok,0,False,0.5086121140047908,59154432,gnu_time,1.7,0.12,4279911,140.865375,4.462747,316.35859700000003,5.2000000000000004e-05,27.115407,488.979914
graphite-gpu,megahit-5g,0,False,publication,1,False,ok,0,False,1.2718104160012444,215220224,gnu_time,1.29,0.75,4279686,140.66694099999998,4.641349,1023.8852830000001,6.7e-05,27.146265999999997,1196.511041
graphite-bandage,megahit-5g,1,False,publication,1,False,ok,0,False,1.476099223989877,73633792,gnu_time,1.43,0.03,4298799,140.028929,4.5942739999999995,1289.529168,5.7e-05,24.356205,1458.7094769999999
graphite-rust,megahit-5g,1,False,publication,1,False,ok,0,False,0.5101561119954567,59092992,gnu_time,1.59,0.13,4279911,139.696083,3.669177,302.99985200000003,6.2e-05,26.419223,472.943435
graphite-gpu,megahit-5g,1,False,publication,1,False,ok,0,False,1.3751222100108862,214827008,gnu_time,1.57,0.69,4279686,140.034684,4.365209,1110.976977,6.9e-05,28.200789,1283.826688
graphite-bandage,megahit-5g,2,False,publication,1,False,ok,0,False,1.5273179969954072,73281536,gnu_time,1.45,0.02,4272819,141.665277,4.584047,1291.264368,5.6e-05,24.576863,1462.2647020000002
graphite-rust,megahit-5g,2,False,publication,1,False,ok,0,False,0.5104749509919202,59600896,gnu_time,1.58,0.13,4279911,140.70876600000003,4.5024180000000005,305.373586,5.5e-05,26.883163000000003,477.63829499999997
graphite-gpu,megahit-5g,2,False,publication,1,False,ok,0,False,1.3240274779964238,215547904,gnu_time,1.46,0.74,4279686,141.394066,4.392524,1095.801024,5.6e-05,26.969562999999997,1268.7276330000002
graphite-bandage,megahit-5g,3,False,publication,1,False,ok,0,False,1.5261929429980228,73596928,gnu_time,1.48,0.02,4299887,142.506844,4.510015,1323.2937,5.6e-05,22.877007000000003,1493.302232
graphite-rust,megahit-5g,3,False,publication,1,False,ok,0,False,0.5079879420081852,59465728,gnu_time,1.42,0.09,4279911,139.53029899999999,4.044761,277.567277,5.7e-05,26.347622,447.65506
graphite-gpu,megahit-5g,3,False,publication,1,False,ok,0,False,1.2710963310091756,215416832,gnu_time,1.45,0.65,4279686,138.798613,3.772793,1004.7832089999999,6.8e-05,27.501919,1175.042612
graphite-bandage,megahit-5g,4,False,publication,1,False,ok,0,False,1.4751220019970788,73617408,gnu_time,1.41,0.02,4263310,142.150353,4.34639,1259.86248,5.7e-05,22.842561,1429.316665
graphite-rust,megahit-5g,4,False,publication,1,False,ok,0,False,0.5089750799961621,59383808,gnu_time,1.44,0.1,4279911,137.24509700000002,3.562783,280.195985,6.8e-05,25.206526,446.32357900000005
graphite-gpu,megahit-5g,4,False,publication,1,False,ok,0,False,1.2728134700009832,215482368,gnu_time,1.29,0.64,4279686,145.730636,4.263816,1025.246035,6.7e-05,26.933507,1202.363465
graphite-bandage,myloasm,0,True,publication,1,False,ok,0,False,0.052315624998300336,9109504,gnu_time,0.0,0.0,2025,0.136241,0.038242,2.922929,0.000155,0.7407619999999999,3.8806700000000003
graphite-rust,myloasm,0,True,publication,1,False,ok,0,False,0.05210179199639242,8814592,gnu_time,0.06,0.04,2017,0.150256,0.043037,13.234701,0.000217,0.808378,14.276904
graphite-gpu,myloasm,0,True,publication,1,False,ok,0,False,0.5605921699898317,154877952,gnu_time,0.13,0.39,2017,0.147326,0.051626,481.715139,5.8e-05,0.7347579999999999,482.687205
graphite-bandage,myloasm,0,False,publication,1,False,ok,0,False,0.0521964920044411,9183232,gnu_time,0.0,0.0,2022,0.116624,0.033552,2.80002,0.000144,0.83734,3.832355
graphite-rust,myloasm,0,False,publication,1,False,ok,0,False,0.05198640200251248,9609216,gnu_time,0.06,0.03,2017,0.14629199999999998,0.041256,11.761042,9.4e-05,0.5662780000000001,12.553488
graphite-gpu,myloasm,0,False,publication,1,False,ok,0,False,0.459364230002393,154886144,gnu_time,0.12,0.37,2017,0.118422,0.034275,400.068873,5.8e-05,0.76629,401.028746
graphite-bandage,myloasm,1,False,publication,1,False,ok,0,False,0.05237463899538852,9195520,gnu_time,0.0,0.0,2023,0.15066100000000002,0.044083,2.656925,0.000147,0.741595,3.6400740000000003
graphite-rust,myloasm,1,False,publication,1,False,ok,0,False,0.05215613900509197,9494528,gnu_time,0.07,0.02,2017,0.146854,0.026399,11.975052999999999,0.00016,0.725532,12.911785
graphite-gpu,myloasm,1,False,publication,1,False,ok,0,False,0.4587834749981994,154644480,gnu_time,0.12,0.37,2017,0.139427,0.039097999999999994,392.871465,0.000373,0.763386,393.854094
graphite-bandage,myloasm,2,False,publication,1,False,ok,0,False,0.05215096499887295,9166848,gnu_time,0.0,0.0,2024,0.149824,0.042475000000000006,2.709441,0.000125,0.678435,3.623915
graphite-rust,myloasm,2,False,publication,1,False,ok,0,False,0.052043554998817854,9129984,gnu_time,0.05,0.03,2017,0.127275,0.034376,11.910975,9.6e-05,0.636788,12.740937
graphite-gpu,myloasm,2,False,publication,1,False,ok,0,False,0.4588283019984374,154820608,gnu_time,0.13,0.36,2017,0.130497,0.034019,397.744802,5.9999999999999995e-05,0.6809700000000001,398.634526
graphite-bandage,myloasm,3,False,publication,1,False,ok,0,False,0.0522562830010429,9125888,gnu_time,0.0,0.0,2014,0.122606,0.035197,3.369164,0.00017999999999999998,0.758229,4.319061
graphite-rust,myloasm,3,False,publication,1,False,ok,0,False,0.05208675599715207,9551872,gnu_time,0.07,0.02,2017,0.129798,0.039306,12.210344999999998,8.999999999999999e-05,0.631807,13.049130000000002
graphite-gpu,myloasm,3,False,publication,1,False,ok,0,False,0.45929754299868364,154402816,gnu_time,0.14,0.35,2017,0.14225100000000002,0.056023,401.745164,0.000115,0.7945289999999999,402.780621
graphite-bandage,myloasm,4,False,publication,1,False,ok,0,False,0.052406593997147866,9191424,gnu_time,0.0,0.0,2014,0.165739,0.042143,2.731475,0.000105,0.798825,3.7834090000000002
graphite-rust,myloasm,4,False,publication,1,False,ok,0,False,0.052200416001142,9531392,gnu_time,0.07,0.02,2017,0.12310000000000001,0.034304,12.123963999999999,0.00016999999999999999,0.633127,12.949695
graphite-gpu,myloasm,4,False,publication,1,False,ok,0,False,0.4586285940022208,154939392,gnu_time,0.14,0.35,2017,0.102642,0.029658,394.225571,5.2000000000000004e-05,0.670829,395.059035
graphite-bandage,hifiasm-chr11-2m,0,True,publication,1,False,ok,0,False,0.05233853199752048,10706944,gnu_time,0.01,0.0,1024,15.928686,0.011521,0.05115,5.3e-05,0.652764,16.671447999999998
graphite-rust,hifiasm-chr11-2m,0,True,publication,1,False,ok,0,False,0.05215492799470667,10801152,gnu_time,0.01,0.0,1024,14.705149,0.012322,0.036671999999999996,5.5e-05,0.526001,15.309849
graphite-gpu,hifiasm-chr11-2m,0,True,publication,1,False,ok,0,False,0.4588592630025232,156090368,gnu_time,0.08,0.33,1024,14.463106,0.010225,376.999555,0.000237,0.6797679999999999,392.19737599999996
graphite-bandage,hifiasm-chr11-2m,0,False,publication,1,False,ok,0,False,0.05235553899547085,10760192,gnu_time,0.01,0.0,1024,14.445013,0.014008,0.046622000000000004,5.6e-05,0.843927,15.383475
graphite-rust,hifiasm-chr11-2m,0,False,publication,1,False,ok,0,False,0.05204120800772216,11116544,gnu_time,0.01,0.0,1024,15.453328,0.010805,0.038649,5.5e-05,0.7250639999999999,16.254241999999998
graphite-gpu,hifiasm-chr11-2m,0,False,publication,1,False,ok,0,False,0.5610261679976247,156119040,gnu_time,0.09,0.34,1024,14.758942000000001,0.018553999999999998,480.622332,6.9e-05,0.800701,496.23970299999996
graphite-bandage,hifiasm-chr11-2m,1,False,publication,1,False,ok,0,False,0.05239302400150336,10780672,gnu_time,0.01,0.0,1024,14.253168,0.016124,0.044755,5.5e-05,0.6932480000000001,15.041629
graphite-rust,hifiasm-chr11-2m,1,False,publication,1,False,ok,0,False,0.0521198939968599,10788864,gnu_time,0.01,0.0,1024,14.755089,0.009963,0.039057,5.6e-05,0.7059399999999999,15.540144
graphite-gpu,hifiasm-chr11-2m,1,False,publication,1,False,ok,0,False,0.4588025819975883,156209152,gnu_time,0.08,0.33,1024,15.167694000000001,0.012534,375.03394899999995,9.2e-05,0.71848,390.97349799999995
graphite-bandage,hifiasm-chr11-2m,2,False,publication,1,False,ok,0,False,0.05230116799066309,10702848,gnu_time,0.01,0.0,1024,14.616183,0.011328000000000001,0.05749,5.6e-05,0.619687,15.335658
graphite-rust,hifiasm-chr11-2m,2,False,publication,1,False,ok,0,False,0.052112752993707545,10780672,gnu_time,0.01,0.0,1024,15.560592,0.009016,0.040427,0.00019,0.707569,16.346571
graphite-gpu,hifiasm-chr11-2m,2,False,publication,1,False,ok,0,False,0.45821656500629615,156180480,gnu_time,0.08,0.33,1024,16.682157999999998,0.008921,379.064591,0.00021,0.7605860000000001,396.557579
graphite-bandage,hifiasm-chr11-2m,3,False,publication,1,False,ok,0,False,0.05244274299184326,10747904,gnu_time,0.01,0.0,1024,14.857220000000002,0.017757,0.053066999999999996,0.000146,0.8897240000000001,15.84625
graphite-rust,hifiasm-chr11-2m,3,False,publication,1,False,ok,0,False,0.05242848099442199,10723328,gnu_time,0.01,0.0,1024,16.331291,0.018576,0.054992,5.4e-05,0.6708200000000001,17.103102
graphite-gpu,hifiasm-chr11-2m,3,False,publication,1,False,ok,0,False,0.45867000900034327,156188672,gnu_time,0.08,0.34,1024,15.913455,0.012437,380.079226,5.7e-05,0.685821,396.72667299999995
graphite-bandage,hifiasm-chr11-2m,4,False,publication,1,False,ok,0,False,0.05219007399864495,10719232,gnu_time,0.01,0.0,1024,16.286901,0.013465000000000001,0.063027,5.7e-05,0.8759319999999999,17.273708
graphite-rust,hifiasm-chr11-2m,4,False,publication,1,False,ok,0,False,0.052207600994734094,10678272,gnu_time,0.01,0.0,1024,15.550609,0.014757,0.05264,5.8e-05,0.551723,16.199376
graphite-gpu,hifiasm-chr11-2m,4,False,publication,1,False,ok,0,False,0.4598741270019673,156254208,gnu_time,0.09,0.34,1024,14.357398,0.020999999999999998,385.891566,9.4e-05,0.799034,401.110931
graphite-bandage,hprc-v1.1-chr22,0,True,publication,1,False,ok,0,False,169.63880504699773,10719633408,gnu_time,163.76,5.72,606434932,4792.060547,809.5132600000001,159777.672483,8.499999999999999e-05,3541.791273,168921.09722999998
graphite-rust,hprc-v1.1-chr22,0,True,publication,1,False,ok,0,False,27.677333608997287,4093009920,gnu_time,97.73,3.19,600065638,4599.848189,774.615763,17939.228551,8.499999999999999e-05,3880.6546630000003,27194.393043
graphite-gpu,hprc-v1.1-chr22,0,True,publication,1,False,ok,0,False,18.67516630499449,4183052288,gnu_time,19.65,3.87,600059371,4574.941706,805.7301100000001,8772.478296,0.000108,3841.194,17994.383212
graphite-bandage,hprc-v1.1-chr22,0,False,publication,1,False,ok,0,False,166.7894402499951,10726494208,gnu_time,161.16,5.5,602888888,4541.618923999999,778.5112389999999,157346.606154,0.000105,3463.780873,166130.595664
graphite-rust,hprc-v1.1-chr22,0,False,publication,1,False,ok,0,False,28.07993081198947,4093517824,gnu_time,98.59,3.26,600065638,4583.2398220000005,787.3230540000001,18452.096103,8.6e-05,3792.913302,27615.614234
graphite-gpu,hprc-v1.1-chr22,0,False,publication,1,False,ok,0,False,18.886592009992455,4183400448,gnu_time,19.9,3.95,600059371,4580.512118,787.9182380000001,9063.77434,0.00010899999999999999,3783.08611,18215.334829
graphite-bandage,hprc-v1.1-chr22,1,False,publication,1,False,ok,0,False,167.96678913899814,10731524096,gnu_time,162.2,5.64,606671710,4594.917742,777.2218469999999,158472.828837,8.900000000000001e-05,3478.388328,167323.43692
graphite-rust,hprc-v1.1-chr22,1,False,publication,1,False,ok,0,False,26.073979710999993,4092661760,gnu_time,86.64,3.35,600065638,4324.096785,790.648331,16694.489227,7.7e-05,3798.734965,25608.006328
graphite-gpu,hprc-v1.1-chr22,1,False,publication,1,False,ok,0,False,19.67202339800133,4182831104,gnu_time,20.88,3.89,600059371,4520.321613,785.107353,9851.749848000001,0.00021899999999999998,3846.96697,19004.187237
graphite-bandage,hprc-v1.1-chr22,2,False,publication,1,False,ok,0,False,166.8713480150036,10718445568,gnu_time,161.04,5.7,605815892,4907.15149,1037.6562359999998,156607.409082,0.00010899999999999999,3469.4305600000002,166021.718401
graphite-rust,hprc-v1.1-chr22,2,False,publication,1,False,ok,0,False,26.660110954006086,4092420096,gnu_time,88.01,3.3,600065638,4739.058352,784.227337,16856.076342,0.00010899999999999999,3808.939557,26188.345314
graphite-gpu,hprc-v1.1-chr22,2,False,publication,1,False,ok,0,False,18.394908529997338,4184313856,gnu_time,19.52,3.74,600059371,4576.046808,778.4670540000001,8637.74312,9.3e-05,3737.583567,17729.879517
graphite-bandage,hprc-v1.1-chr22,3,False,publication,1,False,ok,0,False,167.48067205199914,10732814336,gnu_time,161.96,5.4,605740388,4610.307907,778.997388,157955.17452300002,8.900000000000001e-05,3492.1722320000003,166836.714052
graphite-rust,hprc-v1.1-chr22,3,False,publication,1,False,ok,0,False,28.198733241995797,4093169664,gnu_time,99.17,3.37,600065638,4620.858824,773.742778,18484.878957,8.999999999999999e-05,3815.715282,27695.242460999998
graphite-gpu,hprc-v1.1-chr22,3,False,publication,1,False,ok,0,False,19.669978482997976,4183040000,gnu_time,20.81,3.96,600059371,4623.281016,781.182749,9650.402865,0.000117,3831.140925,18886.047208
graphite-bandage,hprc-v1.1-chr22,4,False,publication,1,False,ok,0,False,170.75101510800596,10737909760,gnu_time,164.64,5.97,603021321,4863.756829,874.461501,160540.754715,0.000101,3622.936577,169901.979376
graphite-rust,hprc-v1.1-chr22,4,False,publication,1,False,ok,0,False,28.004415236995555,4093100032,gnu_time,98.45,3.33,600065638,4778.553503,815.028609,18118.374292999997,8.499999999999999e-05,3782.885424,27494.884504
graphite-gpu,hprc-v1.1-chr22,4,False,publication,1,False,ok,0,False,19.610338443002547,4183306240,gnu_time,20.83,3.96,600059371,4656.826843,806.5219219999999,9750.679818,8.6e-05,3752.3555100000003,18966.424266
